"TimeUTC","timestampInMs","requestPath","requestMethod","requestQueryString","responseStatusCode","requestId","requestUserAgent","level","environment","branch","vercelCache","type","function","host","deploymentDomain","deploymentId","durationMs","region","maxMemoryUsed","memorySize","message","projectId","traceId","sessionId","invocationId","instanceId","concurrency"
"2025-08-20 02:08:36",1755655716704,"startup-sejong.vercel.app/api/push/send","POST","",-1,"q2hpl-1755655714247-e2ed9b5fdb7e","Mozilla/5.0 (Macintosh; Intel Mac OS X 10_15_7) AppleWebKit/537.36 (KHTML, like Gecko) Chrome/139.0.0.0 Safari/537.36","info","production","main","","lambda","/api/push/send","startup-sejong.vercel.app","startup-sejong.vercel.app","dpl_3kP53xShgiZMJ4quKCiAgLbAMGa2",-1,"iad1",-1,-1,"===========================================","prj_kbaMDrtIHMlzHkohEptrO2d6DwUk","","","01K32KRDQZZ35F34MV52XA3VJR","",-1
"2025-08-20 02:08:36",1755655716704,"startup-sejong.vercel.app/api/push/send","POST","",-1,"q2hpl-1755655714247-e2ed9b5fdb7e","Mozilla/5.0 (Macintosh; Intel Mac OS X 10_15_7) AppleWebKit/537.36 (KHTML, like Gecko) Chrome/139.0.0.0 Safari/537.36","info","production","main","","lambda","/api/push/send","startup-sejong.vercel.app","startup-sejong.vercel.app","dpl_3kP53xShgiZMJ4quKCiAgLbAMGa2",-1,"iad1",-1,-1,"- d211d4bc-b7eb-402a-b482-d9d06c34f028: Received unexpected response code","prj_kbaMDrtIHMlzHkohEptrO2d6DwUk","","","01K32KRDQZZ35F34MV52XA3VJR","",-1
"2025-08-20 02:08:36",1755655716704,"startup-sejong.vercel.app/api/push/send","POST","",-1,"q2hpl-1755655714247-e2ed9b5fdb7e","Mozilla/5.0 (Macintosh; Intel Mac OS X 10_15_7) AppleWebKit/537.36 (KHTML, like Gecko) Chrome/139.0.0.0 Safari/537.36","info","production","main","","lambda","/api/push/send","startup-sejong.vercel.app","startup-sejong.vercel.app","dpl_3kP53xShgiZMJ4quKCiAgLbAMGa2",-1,"iad1",-1,-1,"- 05a47eab-455b-44a6-961a-e73a563659a0: Received unexpected response code","prj_kbaMDrtIHMlzHkohEptrO2d6DwUk","","","01K32KRDQZZ35F34MV52XA3VJR","",-1
"2025-08-20 02:08:36",1755655716703,"startup-sejong.vercel.app/api/push/send","POST","",-1,"q2hpl-1755655714247-e2ed9b5fdb7e","Mozilla/5.0 (Macintosh; Intel Mac OS X 10_15_7) AppleWebKit/537.36 (KHTML, like Gecko) Chrome/139.0.0.0 Safari/537.36","info","production","main","","lambda","/api/push/send","startup-sejong.vercel.app","startup-sejong.vercel.app","dpl_3kP53xShgiZMJ4quKCiAgLbAMGa2",-1,"iad1",-1,-1,"- 28d00ce4-accd-4d7e-87b4-a438a454a66a: Received unexpected response code","prj_kbaMDrtIHMlzHkohEptrO2d6DwUk","","","01K32KRDQZZ35F34MV52XA3VJR","",-1
"2025-08-20 02:08:36",1755655716703,"startup-sejong.vercel.app/api/push/send","POST","",-1,"q2hpl-1755655714247-e2ed9b5fdb7e","Mozilla/5.0 (Macintosh; Intel Mac OS X 10_15_7) AppleWebKit/537.36 (KHTML, like Gecko) Chrome/139.0.0.0 Safari/537.36","info","production","main","","lambda","/api/push/send","startup-sejong.vercel.app","startup-sejong.vercel.app","dpl_3kP53xShgiZMJ4quKCiAgLbAMGa2",-1,"iad1",-1,-1,"‚ùå Failed Subscriptions:","prj_kbaMDrtIHMlzHkohEptrO2d6DwUk","","","01K32KRDQZZ35F34MV52XA3VJR","",-1
"2025-08-20 02:08:36",1755655716703,"startup-sejong.vercel.app/api/push/send","POST","",-1,"q2hpl-1755655714247-e2ed9b5fdb7e","Mozilla/5.0 (Macintosh; Intel Mac OS X 10_15_7) AppleWebKit/537.36 (KHTML, like Gecko) Chrome/139.0.0.0 Safari/537.36","info","production","main","","lambda","/api/push/send","startup-sejong.vercel.app","startup-sejong.vercel.app","dpl_3kP53xShgiZMJ4quKCiAgLbAMGa2",-1,"iad1",-1,-1,"üìù Success Rate: 0%","prj_kbaMDrtIHMlzHkohEptrO2d6DwUk","","","01K32KRDQZZ35F34MV52XA3VJR","",-1
"2025-08-20 02:08:36",1755655716703,"startup-sejong.vercel.app/api/push/send","POST","",-1,"q2hpl-1755655714247-e2ed9b5fdb7e","Mozilla/5.0 (Macintosh; Intel Mac OS X 10_15_7) AppleWebKit/537.36 (KHTML, like Gecko) Chrome/139.0.0.0 Safari/537.36","info","production","main","","lambda","/api/push/send","startup-sejong.vercel.app","startup-sejong.vercel.app","dpl_3kP53xShgiZMJ4quKCiAgLbAMGa2",-1,"iad1",-1,-1,"‚ùå Failed: 3/3","prj_kbaMDrtIHMlzHkohEptrO2d6DwUk","","","01K32KRDQZZ35F34MV52XA3VJR","",-1
"2025-08-20 02:08:36",1755655716703,"startup-sejong.vercel.app/api/push/send","POST","",-1,"q2hpl-1755655714247-e2ed9b5fdb7e","Mozilla/5.0 (Macintosh; Intel Mac OS X 10_15_7) AppleWebKit/537.36 (KHTML, like Gecko) Chrome/139.0.0.0 Safari/537.36","info","production","main","","lambda","/api/push/send","startup-sejong.vercel.app","startup-sejong.vercel.app","dpl_3kP53xShgiZMJ4quKCiAgLbAMGa2",-1,"iad1",-1,-1,"‚úÖ Success: 0/3","prj_kbaMDrtIHMlzHkohEptrO2d6DwUk","","","01K32KRDQZZ35F34MV52XA3VJR","",-1
"2025-08-20 02:08:36",1755655716703,"startup-sejong.vercel.app/api/push/send","POST","",-1,"q2hpl-1755655714247-e2ed9b5fdb7e","Mozilla/5.0 (Macintosh; Intel Mac OS X 10_15_7) AppleWebKit/537.36 (KHTML, like Gecko) Chrome/139.0.0.0 Safari/537.36","info","production","main","","lambda","/api/push/send","startup-sejong.vercel.app","startup-sejong.vercel.app","dpl_3kP53xShgiZMJ4quKCiAgLbAMGa2",-1,"iad1",-1,-1,"üìä ===========================================","prj_kbaMDrtIHMlzHkohEptrO2d6DwUk","","","01K32KRDQZZ35F34MV52XA3VJR","",-1
"2025-08-20 02:08:36",1755655716703,"startup-sejong.vercel.app/api/push/send","POST","",-1,"q2hpl-1755655714247-e2ed9b5fdb7e","Mozilla/5.0 (Macintosh; Intel Mac OS X 10_15_7) AppleWebKit/537.36 (KHTML, like Gecko) Chrome/139.0.0.0 Safari/537.36","info","production","main","","lambda","/api/push/send","startup-sejong.vercel.app","startup-sejong.vercel.app","dpl_3kP53xShgiZMJ4quKCiAgLbAMGa2",-1,"iad1",-1,-1,"üìä Push Notification Results","prj_kbaMDrtIHMlzHkohEptrO2d6DwUk","","","01K32KRDQZZ35F34MV52XA3VJR","",-1
"2025-08-20 02:08:36",1755655716703,"startup-sejong.vercel.app/api/push/send","POST","",-1,"q2hpl-1755655714247-e2ed9b5fdb7e","Mozilla/5.0 (Macintosh; Intel Mac OS X 10_15_7) AppleWebKit/537.36 (KHTML, like Gecko) Chrome/139.0.0.0 Safari/537.36","info","production","main","","lambda","/api/push/send","startup-sejong.vercel.app","startup-sejong.vercel.app","dpl_3kP53xShgiZMJ4quKCiAgLbAMGa2",-1,"iad1",-1,-1,"üìä ===========================================","prj_kbaMDrtIHMlzHkohEptrO2d6DwUk","","","01K32KRDQZZ35F34MV52XA3VJR","",-1
"2025-08-20 02:08:35",1755655715914,"startup-sejong.vercel.app/api/push/send","POST","",-1,"q2hpl-1755655714247-e2ed9b5fdb7e","Mozilla/5.0 (Macintosh; Intel Mac OS X 10_15_7) AppleWebKit/537.36 (KHTML, like Gecko) Chrome/139.0.0.0 Safari/537.36","error","production","main","","lambda","/api/push/send","startup-sejong.vercel.app","startup-sejong.vercel.app","dpl_3kP53xShgiZMJ4quKCiAgLbAMGa2",-1,"iad1",-1,-1,"Error details: {
  statusCode: 403,
  headers: {
    'content-security-policy-report-only': ""script-src 'none'; form-action 'none'; frame-src 'none'; report-uri https://csp.withgoogle.com/csp/goa-520bfc14_2"",
    'content-type': 'text/plain; charset=utf-8',
    'cross-origin-opener-policy': 'same-origin',
    vary: 'Sec-Fetch-Site, Sec-Fetch-Mode, Sec-Fetch-Dest',
    'x-content-type-options': 'nosniff',
    'x-frame-options': 'SAMEORIGIN',
    'x-xss-protection': '0',
    date: 'Wed, 20 Aug 2025 02:08:35 GMT',
    'content-length': '121',
    'alt-svc': 'h3="":443""; ma=2592000,h3-29="":443""; ma=2592000'
  },
  body: 'the VAPID credentials in the authorization header do not correspond to the credentials used to create the subscriptions.\n',
  endpoint: 'https://fcm.googleapis.com/fcm/send/cK8kyOagyMk:AP...',
  stack: 'WebPushError: Received unexpected response code\n' +
    '    at IncomingMessage.<anonymous> (/var/task/node_modules/web-push/src/web-push-lib.js:378:20)\n' +
    '    at IncomingMessage.emit (node:events:530:35)'
}","prj_kbaMDrtIHMlzHkohEptrO2d6DwUk","","","01K32KRDQZZ35F34MV52XA3VJR","",-1
"2025-08-20 02:08:35",1755655715914,"startup-sejong.vercel.app/api/push/send","POST","",-1,"q2hpl-1755655714247-e2ed9b5fdb7e","Mozilla/5.0 (Macintosh; Intel Mac OS X 10_15_7) AppleWebKit/537.36 (KHTML, like Gecko) Chrome/139.0.0.0 Safari/537.36","error","production","main","","lambda","/api/push/send","startup-sejong.vercel.app","startup-sejong.vercel.app","dpl_3kP53xShgiZMJ4quKCiAgLbAMGa2",-1,"iad1",-1,-1,"‚ùå Failed to send to 05a47eab-455b-44a6-961a-e73a563659a0: Received unexpected response code","prj_kbaMDrtIHMlzHkohEptrO2d6DwUk","","","01K32KRDQZZ35F34MV52XA3VJR","",-1
"2025-08-20 02:08:35",1755655715899,"startup-sejong.vercel.app/api/push/send","POST","",-1,"q2hpl-1755655714247-e2ed9b5fdb7e","Mozilla/5.0 (Macintosh; Intel Mac OS X 10_15_7) AppleWebKit/537.36 (KHTML, like Gecko) Chrome/139.0.0.0 Safari/537.36","error","production","main","","lambda","/api/push/send","startup-sejong.vercel.app","startup-sejong.vercel.app","dpl_3kP53xShgiZMJ4quKCiAgLbAMGa2",-1,"iad1",-1,-1,"Error details: {
  statusCode: 403,
  headers: {
    'content-security-policy-report-only': ""script-src 'none'; form-action 'none'; frame-src 'none'; report-uri https://csp.withgoogle.com/csp/goa-520bfc14_2"",
    'content-type': 'text/plain; charset=utf-8',
    'cross-origin-opener-policy': 'same-origin',
    vary: 'Sec-Fetch-Site, Sec-Fetch-Mode, Sec-Fetch-Dest',
    'x-content-type-options': 'nosniff',
    'x-frame-options': 'SAMEORIGIN',
    'x-xss-protection': '0',
    date: 'Wed, 20 Aug 2025 02:08:35 GMT',
    'content-length': '121',
    'alt-svc': 'h3="":443""; ma=2592000,h3-29="":443""; ma=2592000'
  },
  body: 'the VAPID credentials in the authorization header do not correspond to the credentials used to create the subscriptions.\n',
  endpoint: 'https://fcm.googleapis.com/fcm/send/dDqMlGa6DaA:AP...',
  stack: 'WebPushError: Received unexpected response code\n' +
    '    at IncomingMessage.<anonymous> (/var/task/node_modules/web-push/src/web-push-lib.js:378:20)\n' +
    '    at IncomingMessage.emit (node:events:530:35)'
}","prj_kbaMDrtIHMlzHkohEptrO2d6DwUk","","","01K32KRDQZZ35F34MV52XA3VJR","",-1
"2025-08-20 02:08:35",1755655715899,"startup-sejong.vercel.app/api/push/send","POST","",-1,"q2hpl-1755655714247-e2ed9b5fdb7e","Mozilla/5.0 (Macintosh; Intel Mac OS X 10_15_7) AppleWebKit/537.36 (KHTML, like Gecko) Chrome/139.0.0.0 Safari/537.36","error","production","main","","lambda","/api/push/send","startup-sejong.vercel.app","startup-sejong.vercel.app","dpl_3kP53xShgiZMJ4quKCiAgLbAMGa2",-1,"iad1",-1,-1,"‚ùå Failed to send to 28d00ce4-accd-4d7e-87b4-a438a454a66a: Received unexpected response code","prj_kbaMDrtIHMlzHkohEptrO2d6DwUk","","","01K32KRDQZZ35F34MV52XA3VJR","",-1
"2025-08-20 02:08:35",1755655715894,"startup-sejong.vercel.app/api/push/send","POST","",-1,"q2hpl-1755655714247-e2ed9b5fdb7e","Mozilla/5.0 (Macintosh; Intel Mac OS X 10_15_7) AppleWebKit/537.36 (KHTML, like Gecko) Chrome/139.0.0.0 Safari/537.36","error","production","main","","lambda","/api/push/send","startup-sejong.vercel.app","startup-sejong.vercel.app","dpl_3kP53xShgiZMJ4quKCiAgLbAMGa2",-1,"iad1",-1,-1,"Error details: {
  statusCode: 403,
  headers: {
    'content-security-policy-report-only': ""script-src 'none'; form-action 'none'; frame-src 'none'; report-uri https://csp.withgoogle.com/csp/goa-520bfc14_2"",
    'content-type': 'text/plain; charset=utf-8',
    'cross-origin-opener-policy': 'same-origin',
    vary: 'Sec-Fetch-Site, Sec-Fetch-Mode, Sec-Fetch-Dest',
    'x-content-type-options': 'nosniff',
    'x-frame-options': 'SAMEORIGIN',
    'x-xss-protection': '0',
    date: 'Wed, 20 Aug 2025 02:08:35 GMT',
    'content-length': '121',
    'alt-svc': 'h3="":443""; ma=2592000,h3-29="":443""; ma=2592000'
  },
  body: 'the VAPID credentials in the authorization header do not correspond to the credentials used to create the subscriptions.\n',
  endpoint: 'https://fcm.googleapis.com/fcm/send/euI0n2oW3DU:AP...',
  stack: 'WebPushError: Received unexpected response code\n' +
    '    at IncomingMessage.<anonymous> (/var/task/node_modules/web-push/src/web-push-lib.js:378:20)\n' +
    '    at IncomingMessage.emit (node:events:530:35)'
}","prj_kbaMDrtIHMlzHkohEptrO2d6DwUk","","","01K32KRDQZZ35F34MV52XA3VJR","",-1
"2025-08-20 02:08:35",1755655715893,"startup-sejong.vercel.app/api/push/send","POST","",-1,"q2hpl-1755655714247-e2ed9b5fdb7e","Mozilla/5.0 (Macintosh; Intel Mac OS X 10_15_7) AppleWebKit/537.36 (KHTML, like Gecko) Chrome/139.0.0.0 Safari/537.36","error","production","main","","lambda","/api/push/send","startup-sejong.vercel.app","startup-sejong.vercel.app","dpl_3kP53xShgiZMJ4quKCiAgLbAMGa2",-1,"iad1",-1,-1,"‚ùå Failed to send to d211d4bc-b7eb-402a-b482-d9d06c34f028: Received unexpected response code","prj_kbaMDrtIHMlzHkohEptrO2d6DwUk","","","01K32KRDQZZ35F34MV52XA3VJR","",-1
"2025-08-20 02:08:35",1755655715865,"startup-sejong.vercel.app/api/push/send","POST","",-1,"q2hpl-1755655714247-e2ed9b5fdb7e","Mozilla/5.0 (Macintosh; Intel Mac OS X 10_15_7) AppleWebKit/537.36 (KHTML, like Gecko) Chrome/139.0.0.0 Safari/537.36","info","production","main","","lambda","/api/push/send","startup-sejong.vercel.app","startup-sejong.vercel.app","dpl_3kP53xShgiZMJ4quKCiAgLbAMGa2",-1,"iad1",-1,-1,"Endpoint: https://fcm.googleapis.com/fcm/send/euI0n2oW3DU:APA91bGUz4IO...","prj_kbaMDrtIHMlzHkohEptrO2d6DwUk","","","01K32KRDQZZ35F34MV52XA3VJR","",-1
"2025-08-20 02:08:35",1755655715865,"startup-sejong.vercel.app/api/push/send","POST","",-1,"q2hpl-1755655714247-e2ed9b5fdb7e","Mozilla/5.0 (Macintosh; Intel Mac OS X 10_15_7) AppleWebKit/537.36 (KHTML, like Gecko) Chrome/139.0.0.0 Safari/537.36","info","production","main","","lambda","/api/push/send","startup-sejong.vercel.app","startup-sejong.vercel.app","dpl_3kP53xShgiZMJ4quKCiAgLbAMGa2",-1,"iad1",-1,-1,"üì§ Sending to subscription d211d4bc-b7eb-402a-b482-d9d06c34f028...","prj_kbaMDrtIHMlzHkohEptrO2d6DwUk","","","01K32KRDQZZ35F34MV52XA3VJR","",-1
"2025-08-20 02:08:35",1755655715862,"startup-sejong.vercel.app/api/push/send","POST","",-1,"q2hpl-1755655714247-e2ed9b5fdb7e","Mozilla/5.0 (Macintosh; Intel Mac OS X 10_15_7) AppleWebKit/537.36 (KHTML, like Gecko) Chrome/139.0.0.0 Safari/537.36","info","production","main","","lambda","/api/push/send","startup-sejong.vercel.app","startup-sejong.vercel.app","dpl_3kP53xShgiZMJ4quKCiAgLbAMGa2",-1,"iad1",-1,-1,"Endpoint: https://fcm.googleapis.com/fcm/send/cK8kyOagyMk:APA91bFqLdYm...","prj_kbaMDrtIHMlzHkohEptrO2d6DwUk","","","01K32KRDQZZ35F34MV52XA3VJR","",-1
"2025-08-20 02:08:35",1755655715862,"startup-sejong.vercel.app/api/push/send","POST","",-1,"q2hpl-1755655714247-e2ed9b5fdb7e","Mozilla/5.0 (Macintosh; Intel Mac OS X 10_15_7) AppleWebKit/537.36 (KHTML, like Gecko) Chrome/139.0.0.0 Safari/537.36","info","production","main","","lambda","/api/push/send","startup-sejong.vercel.app","startup-sejong.vercel.app","dpl_3kP53xShgiZMJ4quKCiAgLbAMGa2",-1,"iad1",-1,-1,"üì§ Sending to subscription 05a47eab-455b-44a6-961a-e73a563659a0...","prj_kbaMDrtIHMlzHkohEptrO2d6DwUk","","","01K32KRDQZZ35F34MV52XA3VJR","",-1
"2025-08-20 02:08:35",1755655715854,"startup-sejong.vercel.app/api/push/send","POST","",-1,"q2hpl-1755655714247-e2ed9b5fdb7e","Mozilla/5.0 (Macintosh; Intel Mac OS X 10_15_7) AppleWebKit/537.36 (KHTML, like Gecko) Chrome/139.0.0.0 Safari/537.36","info","production","main","","lambda","/api/push/send","startup-sejong.vercel.app","startup-sejong.vercel.app","dpl_3kP53xShgiZMJ4quKCiAgLbAMGa2",-1,"iad1",-1,-1,"Endpoint: https://fcm.googleapis.com/fcm/send/dDqMlGa6DaA:APA91bHm14Ec...","prj_kbaMDrtIHMlzHkohEptrO2d6DwUk","","","01K32KRDQZZ35F34MV52XA3VJR","",-1
"2025-08-20 02:08:35",1755655715854,"startup-sejong.vercel.app/api/push/send","POST","",-1,"q2hpl-1755655714247-e2ed9b5fdb7e","Mozilla/5.0 (Macintosh; Intel Mac OS X 10_15_7) AppleWebKit/537.36 (KHTML, like Gecko) Chrome/139.0.0.0 Safari/537.36","info","production","main","","lambda","/api/push/send","startup-sejong.vercel.app","startup-sejong.vercel.app","dpl_3kP53xShgiZMJ4quKCiAgLbAMGa2",-1,"iad1",-1,-1,"üì§ Sending to subscription 28d00ce4-accd-4d7e-87b4-a438a454a66a...","prj_kbaMDrtIHMlzHkohEptrO2d6DwUk","","","01K32KRDQZZ35F34MV52XA3VJR","",-1
"2025-08-20 02:08:35",1755655715039,"startup-sejong.vercel.app/api/push/send","POST","",-1,"q2hpl-1755655714247-e2ed9b5fdb7e","Mozilla/5.0 (Macintosh; Intel Mac OS X 10_15_7) AppleWebKit/537.36 (KHTML, like Gecko) Chrome/139.0.0.0 Safari/537.36","info","production","main","","lambda","/api/push/send","startup-sejong.vercel.app","startup-sejong.vercel.app","dpl_3kP53xShgiZMJ4quKCiAgLbAMGa2",-1,"iad1",-1,-1,"Active subscriptions found: 3","prj_kbaMDrtIHMlzHkohEptrO2d6DwUk","","","01K32KRDQZZ35F34MV52XA3VJR","",-1
"2025-08-20 02:08:34",1755655714702,"startup-sejong.vercel.app/api/push/send","POST","",-1,"q2hpl-1755655714247-e2ed9b5fdb7e","Mozilla/5.0 (Macintosh; Intel Mac OS X 10_15_7) AppleWebKit/537.36 (KHTML, like Gecko) Chrome/139.0.0.0 Safari/537.36","info","production","main","","lambda","/api/push/send","startup-sejong.vercel.app","startup-sejong.vercel.app","dpl_3kP53xShgiZMJ4quKCiAgLbAMGa2",-1,"iad1",-1,-1,"üîë Service Role Key: SET","prj_kbaMDrtIHMlzHkohEptrO2d6DwUk","","","01K32KRDQZZ35F34MV52XA3VJR","",-1
"2025-08-20 02:08:34",1755655714702,"startup-sejong.vercel.app/api/push/send","POST","",-1,"q2hpl-1755655714247-e2ed9b5fdb7e","Mozilla/5.0 (Macintosh; Intel Mac OS X 10_15_7) AppleWebKit/537.36 (KHTML, like Gecko) Chrome/139.0.0.0 Safari/537.36","info","production","main","","lambda","/api/push/send","startup-sejong.vercel.app","startup-sejong.vercel.app","dpl_3kP53xShgiZMJ4quKCiAgLbAMGa2",-1,"iad1",-1,-1,"üåç Environment: production","prj_kbaMDrtIHMlzHkohEptrO2d6DwUk","","","01K32KRDQZZ35F34MV52XA3VJR","",-1
"2025-08-20 02:08:34",1755655714702,"startup-sejong.vercel.app/api/push/send","POST","",-1,"q2hpl-1755655714247-e2ed9b5fdb7e","Mozilla/5.0 (Macintosh; Intel Mac OS X 10_15_7) AppleWebKit/537.36 (KHTML, like Gecko) Chrome/139.0.0.0 Safari/537.36","info","production","main","","lambda","/api/push/send","startup-sejong.vercel.app","startup-sejong.vercel.app","dpl_3kP53xShgiZMJ4quKCiAgLbAMGa2",-1,"iad1",-1,-1,"üìù Content: {
  title: 'test!!',
  body: 'test !',
  url: '/',
  adminEmail: 'admin@sejong.ac.kr'
}","prj_kbaMDrtIHMlzHkohEptrO2d6DwUk","","","01K32KRDQZZ35F34MV52XA3VJR","",-1
"2025-08-20 02:08:34",1755655714701,"startup-sejong.vercel.app/api/push/send","POST","",-1,"q2hpl-1755655714247-e2ed9b5fdb7e","Mozilla/5.0 (Macintosh; Intel Mac OS X 10_15_7) AppleWebKit/537.36 (KHTML, like Gecko) Chrome/139.0.0.0 Safari/537.36","info","production","main","","lambda","/api/push/send","startup-sejong.vercel.app","startup-sejong.vercel.app","dpl_3kP53xShgiZMJ4quKCiAgLbAMGa2",-1,"iad1",-1,-1,"üîî ===========================================","prj_kbaMDrtIHMlzHkohEptrO2d6DwUk","","","01K32KRDQZZ35F34MV52XA3VJR","",-1
"2025-08-20 02:08:34",1755655714701,"startup-sejong.vercel.app/api/push/send","POST","",-1,"q2hpl-1755655714247-e2ed9b5fdb7e","Mozilla/5.0 (Macintosh; Intel Mac OS X 10_15_7) AppleWebKit/537.36 (KHTML, like Gecko) Chrome/139.0.0.0 Safari/537.36","info","production","main","","lambda","/api/push/send","startup-sejong.vercel.app","startup-sejong.vercel.app","dpl_3kP53xShgiZMJ4quKCiAgLbAMGa2",-1,"iad1",-1,-1,"üîî Push Notification Request","prj_kbaMDrtIHMlzHkohEptrO2d6DwUk","","","01K32KRDQZZ35F34MV52XA3VJR","",-1
"2025-08-20 02:08:34",1755655714701,"startup-sejong.vercel.app/api/push/send","POST","",-1,"q2hpl-1755655714247-e2ed9b5fdb7e","Mozilla/5.0 (Macintosh; Intel Mac OS X 10_15_7) AppleWebKit/537.36 (KHTML, like Gecko) Chrome/139.0.0.0 Safari/537.36","info","production","main","","lambda","/api/push/send","startup-sejong.vercel.app","startup-sejong.vercel.app","dpl_3kP53xShgiZMJ4quKCiAgLbAMGa2",-1,"iad1",-1,-1,"üîî ===========================================","prj_kbaMDrtIHMlzHkohEptrO2d6DwUk","","","01K32KRDQZZ35F34MV52XA3VJR","",-1
"2025-08-20 02:08:34",1755655714701,"startup-sejong.vercel.app/api/push/send","POST","",-1,"q2hpl-1755655714247-e2ed9b5fdb7e","Mozilla/5.0 (Macintosh; Intel Mac OS X 10_15_7) AppleWebKit/537.36 (KHTML, like Gecko) Chrome/139.0.0.0 Safari/537.36","info","production","main","","lambda","/api/push/send","startup-sejong.vercel.app","startup-sejong.vercel.app","dpl_3kP53xShgiZMJ4quKCiAgLbAMGa2",-1,"iad1",-1,-1,"Email: mailto:unvisr@gmail.com","prj_kbaMDrtIHMlzHkohEptrO2d6DwUk","","","01K32KRDQZZ35F34MV52XA3VJR","",-1
"2025-08-20 02:08:34",1755655714701,"startup-sejong.vercel.app/api/push/send","POST","",-1,"q2hpl-1755655714247-e2ed9b5fdb7e","Mozilla/5.0 (Macintosh; Intel Mac OS X 10_15_7) AppleWebKit/537.36 (KHTML, like Gecko) Chrome/139.0.0.0 Safari/537.36","info","production","main","","lambda","/api/push/send","startup-sejong.vercel.app","startup-sejong.vercel.app","dpl_3kP53xShgiZMJ4quKCiAgLbAMGa2",-1,"iad1",-1,-1,"Private Key: WKYqEu_91R... (43 chars)","prj_kbaMDrtIHMlzHkohEptrO2d6DwUk","","","01K32KRDQZZ35F34MV52XA3VJR","",-1
"2025-08-20 02:08:34",1755655714701,"startup-sejong.vercel.app/api/push/send","POST","",-1,"q2hpl-1755655714247-e2ed9b5fdb7e","Mozilla/5.0 (Macintosh; Intel Mac OS X 10_15_7) AppleWebKit/537.36 (KHTML, like Gecko) Chrome/139.0.0.0 Safari/537.36","info","production","main","","lambda","/api/push/send","startup-sejong.vercel.app","startup-sejong.vercel.app","dpl_3kP53xShgiZMJ4quKCiAgLbAMGa2",-1,"iad1",-1,-1,"Public Key: BK2b5isMYthQDclh-57C...","prj_kbaMDrtIHMlzHkohEptrO2d6DwUk","","","01K32KRDQZZ35F34MV52XA3VJR","",-1
"2025-08-20 02:08:34",1755655714701,"startup-sejong.vercel.app/api/push/send","POST","",-1,"q2hpl-1755655714247-e2ed9b5fdb7e","Mozilla/5.0 (Macintosh; Intel Mac OS X 10_15_7) AppleWebKit/537.36 (KHTML, like Gecko) Chrome/139.0.0.0 Safari/537.36","info","production","main","","lambda","/api/push/send","startup-sejong.vercel.app","startup-sejong.vercel.app","dpl_3kP53xShgiZMJ4quKCiAgLbAMGa2",-1,"iad1",-1,-1,"üîç VAPID Config Check:","prj_kbaMDrtIHMlzHkohEptrO2d6DwUk","","","01K32KRDQZZ35F34MV52XA3VJR","",-1
"2025-08-20 02:08:34",1755655714681,"startup-sejong.vercel.app/api/push/send","POST","",-1,"q2hpl-1755655714247-e2ed9b5fdb7e","Mozilla/5.0 (Macintosh; Intel Mac OS X 10_15_7) AppleWebKit/537.36 (KHTML, like Gecko) Chrome/139.0.0.0 Safari/537.36","info","production","main","","lambda","/api/push/send","startup-sejong.vercel.app","startup-sejong.vercel.app","dpl_3kP53xShgiZMJ4quKCiAgLbAMGa2",-1,"iad1",-1,-1,"Email: mailto:unvisr@gmail.com","prj_kbaMDrtIHMlzHkohEptrO2d6DwUk","","","01K32KRDQZZ35F34MV52XA3VJR","",-1
"2025-08-20 02:08:34",1755655714681,"startup-sejong.vercel.app/api/push/send","POST","",-1,"q2hpl-1755655714247-e2ed9b5fdb7e","Mozilla/5.0 (Macintosh; Intel Mac OS X 10_15_7) AppleWebKit/537.36 (KHTML, like Gecko) Chrome/139.0.0.0 Safari/537.36","info","production","main","","lambda","/api/push/send","startup-sejong.vercel.app","startup-sejong.vercel.app","dpl_3kP53xShgiZMJ4quKCiAgLbAMGa2",-1,"iad1",-1,-1,"‚úÖ VAPID configuration successful","prj_kbaMDrtIHMlzHkohEptrO2d6DwUk","","","01K32KRDQZZ35F34MV52XA3VJR","",-1
"2025-08-20 02:08:34",1755655714681,"startup-sejong.vercel.app/api/push/send","POST","",-1,"q2hpl-1755655714247-e2ed9b5fdb7e","Mozilla/5.0 (Macintosh; Intel Mac OS X 10_15_7) AppleWebKit/537.36 (KHTML, like Gecko) Chrome/139.0.0.0 Safari/537.36","info","production","main","","lambda","/api/push/send","startup-sejong.vercel.app","startup-sejong.vercel.app","dpl_3kP53xShgiZMJ4quKCiAgLbAMGa2",-1,"iad1",-1,-1,"Email: mailto:unvisr@gmail.com","prj_kbaMDrtIHMlzHkohEptrO2d6DwUk","","","01K32KRDQZZ35F34MV52XA3VJR","",-1
"2025-08-20 02:08:34",1755655714681,"startup-sejong.vercel.app/api/push/send","POST","",-1,"q2hpl-1755655714247-e2ed9b5fdb7e","Mozilla/5.0 (Macintosh; Intel Mac OS X 10_15_7) AppleWebKit/537.36 (KHTML, like Gecko) Chrome/139.0.0.0 Safari/537.36","info","production","main","","lambda","/api/push/send","startup-sejong.vercel.app","startup-sejong.vercel.app","dpl_3kP53xShgiZMJ4quKCiAgLbAMGa2",-1,"iad1",-1,-1,"Private Key: WKYqEu_91R... (43 chars)","prj_kbaMDrtIHMlzHkohEptrO2d6DwUk","","","01K32KRDQZZ35F34MV52XA3VJR","",-1
"2025-08-20 02:08:34",1755655714681,"startup-sejong.vercel.app/api/push/send","POST","",-1,"q2hpl-1755655714247-e2ed9b5fdb7e","Mozilla/5.0 (Macintosh; Intel Mac OS X 10_15_7) AppleWebKit/537.36 (KHTML, like Gecko) Chrome/139.0.0.0 Safari/537.36","info","production","main","","lambda","/api/push/send","startup-sejong.vercel.app","startup-sejong.vercel.app","dpl_3kP53xShgiZMJ4quKCiAgLbAMGa2",-1,"iad1",-1,-1,"Public Key: BK2b5isMYthQDclh-57C...","prj_kbaMDrtIHMlzHkohEptrO2d6DwUk","","","01K32KRDQZZ35F34MV52XA3VJR","",-1
"2025-08-20 02:08:34",1755655714680,"startup-sejong.vercel.app/api/push/send","POST","",-1,"q2hpl-1755655714247-e2ed9b5fdb7e","Mozilla/5.0 (Macintosh; Intel Mac OS X 10_15_7) AppleWebKit/537.36 (KHTML, like Gecko) Chrome/139.0.0.0 Safari/537.36","info","production","main","","lambda","/api/push/send","startup-sejong.vercel.app","startup-sejong.vercel.app","dpl_3kP53xShgiZMJ4quKCiAgLbAMGa2",-1,"iad1",-1,-1,"üîç VAPID Config Check:","prj_kbaMDrtIHMlzHkohEptrO2d6DwUk","","","01K32KRDQZZ35F34MV52XA3VJR","",-1
"2025-08-20 02:08:34",1755655714559,"startup-sejong.vercel.app/api/push/send","POST","",200,"q2hpl-1755655714247-e2ed9b5fdb7e","Mozilla/5.0 (Macintosh; Intel Mac OS X 10_15_7) AppleWebKit/537.36 (KHTML, like Gecko) Chrome/139.0.0.0 Safari/537.36","info","production","main","","lambda","/api/push/send","startup-sejong.vercel.app","startup-sejong.vercel.app","dpl_3kP53xShgiZMJ4quKCiAgLbAMGa2",2779,"iad1",133,2048,"","prj_kbaMDrtIHMlzHkohEptrO2d6DwUk","","","01K32KRDQZZ35F34MV52XA3VJR","iP1EK2OBtx6Q",1
"2025-08-20 02:08:04",1755655684980,"startup-sejong.vercel.app/api/push/send","POST","",-1,"b8q7n-1755655681923-13df67ff3466","Mozilla/5.0 (Macintosh; Intel Mac OS X 10_15_7) AppleWebKit/537.36 (KHTML, like Gecko) Chrome/139.0.0.0 Safari/537.36","info","production","main","","lambda","/api/push/send","startup-sejong.vercel.app","startup-sejong.vercel.app","dpl_3kP53xShgiZMJ4quKCiAgLbAMGa2",-1,"iad1",-1,-1,"===========================================","prj_kbaMDrtIHMlzHkohEptrO2d6DwUk","","","01K32KQE9VH75CN5QGAR60MR33","",-1
"2025-08-20 02:08:04",1755655684980,"startup-sejong.vercel.app/api/push/send","POST","",-1,"b8q7n-1755655681923-13df67ff3466","Mozilla/5.0 (Macintosh; Intel Mac OS X 10_15_7) AppleWebKit/537.36 (KHTML, like Gecko) Chrome/139.0.0.0 Safari/537.36","info","production","main","","lambda","/api/push/send","startup-sejong.vercel.app","startup-sejong.vercel.app","dpl_3kP53xShgiZMJ4quKCiAgLbAMGa2",-1,"iad1",-1,-1,"- d211d4bc-b7eb-402a-b482-d9d06c34f028: Received unexpected response code","prj_kbaMDrtIHMlzHkohEptrO2d6DwUk","","","01K32KQE9VH75CN5QGAR60MR33","",-1
"2025-08-20 02:08:04",1755655684980,"startup-sejong.vercel.app/api/push/send","POST","",-1,"b8q7n-1755655681923-13df67ff3466","Mozilla/5.0 (Macintosh; Intel Mac OS X 10_15_7) AppleWebKit/537.36 (KHTML, like Gecko) Chrome/139.0.0.0 Safari/537.36","info","production","main","","lambda","/api/push/send","startup-sejong.vercel.app","startup-sejong.vercel.app","dpl_3kP53xShgiZMJ4quKCiAgLbAMGa2",-1,"iad1",-1,-1,"- 05a47eab-455b-44a6-961a-e73a563659a0: Received unexpected response code","prj_kbaMDrtIHMlzHkohEptrO2d6DwUk","","","01K32KQE9VH75CN5QGAR60MR33","",-1
"2025-08-20 02:08:04",1755655684980,"startup-sejong.vercel.app/api/push/send","POST","",-1,"b8q7n-1755655681923-13df67ff3466","Mozilla/5.0 (Macintosh; Intel Mac OS X 10_15_7) AppleWebKit/537.36 (KHTML, like Gecko) Chrome/139.0.0.0 Safari/537.36","info","production","main","","lambda","/api/push/send","startup-sejong.vercel.app","startup-sejong.vercel.app","dpl_3kP53xShgiZMJ4quKCiAgLbAMGa2",-1,"iad1",-1,-1,"- 28d00ce4-accd-4d7e-87b4-a438a454a66a: Received unexpected response code","prj_kbaMDrtIHMlzHkohEptrO2d6DwUk","","","01K32KQE9VH75CN5QGAR60MR33","",-1
"2025-08-20 02:08:04",1755655684980,"startup-sejong.vercel.app/api/push/send","POST","",-1,"b8q7n-1755655681923-13df67ff3466","Mozilla/5.0 (Macintosh; Intel Mac OS X 10_15_7) AppleWebKit/537.36 (KHTML, like Gecko) Chrome/139.0.0.0 Safari/537.36","info","production","main","","lambda","/api/push/send","startup-sejong.vercel.app","startup-sejong.vercel.app","dpl_3kP53xShgiZMJ4quKCiAgLbAMGa2",-1,"iad1",-1,-1,"‚ùå Failed Subscriptions:","prj_kbaMDrtIHMlzHkohEptrO2d6DwUk","","","01K32KQE9VH75CN5QGAR60MR33","",-1
"2025-08-20 02:08:04",1755655684980,"startup-sejong.vercel.app/api/push/send","POST","",-1,"b8q7n-1755655681923-13df67ff3466","Mozilla/5.0 (Macintosh; Intel Mac OS X 10_15_7) AppleWebKit/537.36 (KHTML, like Gecko) Chrome/139.0.0.0 Safari/537.36","info","production","main","","lambda","/api/push/send","startup-sejong.vercel.app","startup-sejong.vercel.app","dpl_3kP53xShgiZMJ4quKCiAgLbAMGa2",-1,"iad1",-1,-1,"üìù Success Rate: 0%","prj_kbaMDrtIHMlzHkohEptrO2d6DwUk","","","01K32KQE9VH75CN5QGAR60MR33","",-1
"2025-08-20 02:08:04",1755655684980,"startup-sejong.vercel.app/api/push/send","POST","",-1,"b8q7n-1755655681923-13df67ff3466","Mozilla/5.0 (Macintosh; Intel Mac OS X 10_15_7) AppleWebKit/537.36 (KHTML, like Gecko) Chrome/139.0.0.0 Safari/537.36","info","production","main","","lambda","/api/push/send","startup-sejong.vercel.app","startup-sejong.vercel.app","dpl_3kP53xShgiZMJ4quKCiAgLbAMGa2",-1,"iad1",-1,-1,"‚ùå Failed: 3/3","prj_kbaMDrtIHMlzHkohEptrO2d6DwUk","","","01K32KQE9VH75CN5QGAR60MR33","",-1
"2025-08-20 02:08:04",1755655684980,"startup-sejong.vercel.app/api/push/send","POST","",-1,"b8q7n-1755655681923-13df67ff3466","Mozilla/5.0 (Macintosh; Intel Mac OS X 10_15_7) AppleWebKit/537.36 (KHTML, like Gecko) Chrome/139.0.0.0 Safari/537.36","info","production","main","","lambda","/api/push/send","startup-sejong.vercel.app","startup-sejong.vercel.app","dpl_3kP53xShgiZMJ4quKCiAgLbAMGa2",-1,"iad1",-1,-1,"‚úÖ Success: 0/3","prj_kbaMDrtIHMlzHkohEptrO2d6DwUk","","","01K32KQE9VH75CN5QGAR60MR33","",-1
"2025-08-20 02:08:04",1755655684980,"startup-sejong.vercel.app/api/push/send","POST","",-1,"b8q7n-1755655681923-13df67ff3466","Mozilla/5.0 (Macintosh; Intel Mac OS X 10_15_7) AppleWebKit/537.36 (KHTML, like Gecko) Chrome/139.0.0.0 Safari/537.36","info","production","main","","lambda","/api/push/send","startup-sejong.vercel.app","startup-sejong.vercel.app","dpl_3kP53xShgiZMJ4quKCiAgLbAMGa2",-1,"iad1",-1,-1,"üìä ===========================================","prj_kbaMDrtIHMlzHkohEptrO2d6DwUk","","","01K32KQE9VH75CN5QGAR60MR33","",-1
"2025-08-20 02:08:04",1755655684980,"startup-sejong.vercel.app/api/push/send","POST","",-1,"b8q7n-1755655681923-13df67ff3466","Mozilla/5.0 (Macintosh; Intel Mac OS X 10_15_7) AppleWebKit/537.36 (KHTML, like Gecko) Chrome/139.0.0.0 Safari/537.36","info","production","main","","lambda","/api/push/send","startup-sejong.vercel.app","startup-sejong.vercel.app","dpl_3kP53xShgiZMJ4quKCiAgLbAMGa2",-1,"iad1",-1,-1,"üìä Push Notification Results","prj_kbaMDrtIHMlzHkohEptrO2d6DwUk","","","01K32KQE9VH75CN5QGAR60MR33","",-1
"2025-08-20 02:08:04",1755655684980,"startup-sejong.vercel.app/api/push/send","POST","",-1,"b8q7n-1755655681923-13df67ff3466","Mozilla/5.0 (Macintosh; Intel Mac OS X 10_15_7) AppleWebKit/537.36 (KHTML, like Gecko) Chrome/139.0.0.0 Safari/537.36","info","production","main","","lambda","/api/push/send","startup-sejong.vercel.app","startup-sejong.vercel.app","dpl_3kP53xShgiZMJ4quKCiAgLbAMGa2",-1,"iad1",-1,-1,"üìä ===========================================","prj_kbaMDrtIHMlzHkohEptrO2d6DwUk","","","01K32KQE9VH75CN5QGAR60MR33","",-1
"2025-08-20 02:08:04",1755655684227,"startup-sejong.vercel.app/api/push/send","POST","",-1,"b8q7n-1755655681923-13df67ff3466","Mozilla/5.0 (Macintosh; Intel Mac OS X 10_15_7) AppleWebKit/537.36 (KHTML, like Gecko) Chrome/139.0.0.0 Safari/537.36","error","production","main","","lambda","/api/push/send","startup-sejong.vercel.app","startup-sejong.vercel.app","dpl_3kP53xShgiZMJ4quKCiAgLbAMGa2",-1,"iad1",-1,-1,"Error details: {
  statusCode: 403,
  headers: {
    'content-security-policy-report-only': ""script-src 'none'; form-action 'none'; frame-src 'none'; report-uri https://csp.withgoogle.com/csp/goa-520bfc14_2"",
    'content-type': 'text/plain; charset=utf-8',
    'cross-origin-opener-policy': 'same-origin',
    vary: 'Sec-Fetch-Site, Sec-Fetch-Mode, Sec-Fetch-Dest',
    'x-content-type-options': 'nosniff',
    'x-frame-options': 'SAMEORIGIN',
    'x-xss-protection': '0',
    date: 'Wed, 20 Aug 2025 02:08:04 GMT',
    'content-length': '121',
    'alt-svc': 'h3="":443""; ma=2592000,h3-29="":443""; ma=2592000'
  },
  body: 'the VAPID credentials in the authorization header do not correspond to the credentials used to create the subscriptions.\n',
  endpoint: 'https://fcm.googleapis.com/fcm/send/dDqMlGa6DaA:AP...',
  stack: 'WebPushError: Received unexpected response code\n' +
    '    at IncomingMessage.<anonymous> (/var/task/node_modules/web-push/src/web-push-lib.js:378:20)\n' +
    '    at IncomingMessage.emit (node:events:530:35)'
}","prj_kbaMDrtIHMlzHkohEptrO2d6DwUk","","","01K32KQE9VH75CN5QGAR60MR33","",-1
"2025-08-20 02:08:04",1755655684227,"startup-sejong.vercel.app/api/push/send","POST","",-1,"b8q7n-1755655681923-13df67ff3466","Mozilla/5.0 (Macintosh; Intel Mac OS X 10_15_7) AppleWebKit/537.36 (KHTML, like Gecko) Chrome/139.0.0.0 Safari/537.36","error","production","main","","lambda","/api/push/send","startup-sejong.vercel.app","startup-sejong.vercel.app","dpl_3kP53xShgiZMJ4quKCiAgLbAMGa2",-1,"iad1",-1,-1,"‚ùå Failed to send to 28d00ce4-accd-4d7e-87b4-a438a454a66a: Received unexpected response code","prj_kbaMDrtIHMlzHkohEptrO2d6DwUk","","","01K32KQE9VH75CN5QGAR60MR33","",-1
"2025-08-20 02:08:04",1755655684218,"startup-sejong.vercel.app/api/push/send","POST","",-1,"b8q7n-1755655681923-13df67ff3466","Mozilla/5.0 (Macintosh; Intel Mac OS X 10_15_7) AppleWebKit/537.36 (KHTML, like Gecko) Chrome/139.0.0.0 Safari/537.36","error","production","main","","lambda","/api/push/send","startup-sejong.vercel.app","startup-sejong.vercel.app","dpl_3kP53xShgiZMJ4quKCiAgLbAMGa2",-1,"iad1",-1,-1,"Error details: {
  statusCode: 403,
  headers: {
    'content-security-policy-report-only': ""script-src 'none'; form-action 'none'; frame-src 'none'; report-uri https://csp.withgoogle.com/csp/goa-520bfc14_2"",
    'content-type': 'text/plain; charset=utf-8',
    'cross-origin-opener-policy': 'same-origin',
    vary: 'Sec-Fetch-Site, Sec-Fetch-Mode, Sec-Fetch-Dest',
    'x-content-type-options': 'nosniff',
    'x-frame-options': 'SAMEORIGIN',
    'x-xss-protection': '0',
    date: 'Wed, 20 Aug 2025 02:08:04 GMT',
    'content-length': '121',
    'alt-svc': 'h3="":443""; ma=2592000,h3-29="":443""; ma=2592000'
  },
  body: 'the VAPID credentials in the authorization header do not correspond to the credentials used to create the subscriptions.\n',
  endpoint: 'https://fcm.googleapis.com/fcm/send/euI0n2oW3DU:AP...',
  stack: 'WebPushError: Received unexpected response code\n' +
    '    at IncomingMessage.<anonymous> (/var/task/node_modules/web-push/src/web-push-lib.js:378:20)\n' +
    '    at IncomingMessage.emit (node:events:530:35)'
}","prj_kbaMDrtIHMlzHkohEptrO2d6DwUk","","","01K32KQE9VH75CN5QGAR60MR33","",-1
"2025-08-20 02:08:04",1755655684218,"startup-sejong.vercel.app/api/push/send","POST","",-1,"b8q7n-1755655681923-13df67ff3466","Mozilla/5.0 (Macintosh; Intel Mac OS X 10_15_7) AppleWebKit/537.36 (KHTML, like Gecko) Chrome/139.0.0.0 Safari/537.36","error","production","main","","lambda","/api/push/send","startup-sejong.vercel.app","startup-sejong.vercel.app","dpl_3kP53xShgiZMJ4quKCiAgLbAMGa2",-1,"iad1",-1,-1,"‚ùå Failed to send to d211d4bc-b7eb-402a-b482-d9d06c34f028: Received unexpected response code","prj_kbaMDrtIHMlzHkohEptrO2d6DwUk","","","01K32KQE9VH75CN5QGAR60MR33","",-1
"2025-08-20 02:08:04",1755655684213,"startup-sejong.vercel.app/api/push/send","POST","",-1,"b8q7n-1755655681923-13df67ff3466","Mozilla/5.0 (Macintosh; Intel Mac OS X 10_15_7) AppleWebKit/537.36 (KHTML, like Gecko) Chrome/139.0.0.0 Safari/537.36","error","production","main","","lambda","/api/push/send","startup-sejong.vercel.app","startup-sejong.vercel.app","dpl_3kP53xShgiZMJ4quKCiAgLbAMGa2",-1,"iad1",-1,-1,"Error details: {
  statusCode: 403,
  headers: {
    'content-security-policy-report-only': ""script-src 'none'; form-action 'none'; frame-src 'none'; report-uri https://csp.withgoogle.com/csp/goa-520bfc14_2"",
    'content-type': 'text/plain; charset=utf-8',
    'cross-origin-opener-policy': 'same-origin',
    vary: 'Sec-Fetch-Site, Sec-Fetch-Mode, Sec-Fetch-Dest',
    'x-content-type-options': 'nosniff',
    'x-frame-options': 'SAMEORIGIN',
    'x-xss-protection': '0',
    date: 'Wed, 20 Aug 2025 02:08:04 GMT',
    'content-length': '121',
    'alt-svc': 'h3="":443""; ma=2592000,h3-29="":443""; ma=2592000'
  },
  body: 'the VAPID credentials in the authorization header do not correspond to the credentials used to create the subscriptions.\n',
  endpoint: 'https://fcm.googleapis.com/fcm/send/cK8kyOagyMk:AP...',
  stack: 'WebPushError: Received unexpected response code\n' +
    '    at IncomingMessage.<anonymous> (/var/task/node_modules/web-push/src/web-push-lib.js:378:20)\n' +
    '    at IncomingMessage.emit (node:events:530:35)'
}","prj_kbaMDrtIHMlzHkohEptrO2d6DwUk","","","01K32KQE9VH75CN5QGAR60MR33","",-1
"2025-08-20 02:08:04",1755655684212,"startup-sejong.vercel.app/api/push/send","POST","",-1,"b8q7n-1755655681923-13df67ff3466","Mozilla/5.0 (Macintosh; Intel Mac OS X 10_15_7) AppleWebKit/537.36 (KHTML, like Gecko) Chrome/139.0.0.0 Safari/537.36","error","production","main","","lambda","/api/push/send","startup-sejong.vercel.app","startup-sejong.vercel.app","dpl_3kP53xShgiZMJ4quKCiAgLbAMGa2",-1,"iad1",-1,-1,"‚ùå Failed to send to 05a47eab-455b-44a6-961a-e73a563659a0: Received unexpected response code","prj_kbaMDrtIHMlzHkohEptrO2d6DwUk","","","01K32KQE9VH75CN5QGAR60MR33","",-1
"2025-08-20 02:08:04",1755655684183,"startup-sejong.vercel.app/api/push/send","POST","",-1,"b8q7n-1755655681923-13df67ff3466","Mozilla/5.0 (Macintosh; Intel Mac OS X 10_15_7) AppleWebKit/537.36 (KHTML, like Gecko) Chrome/139.0.0.0 Safari/537.36","info","production","main","","lambda","/api/push/send","startup-sejong.vercel.app","startup-sejong.vercel.app","dpl_3kP53xShgiZMJ4quKCiAgLbAMGa2",-1,"iad1",-1,-1,"Endpoint: https://fcm.googleapis.com/fcm/send/euI0n2oW3DU:APA91bGUz4IO...","prj_kbaMDrtIHMlzHkohEptrO2d6DwUk","","","01K32KQE9VH75CN5QGAR60MR33","",-1
"2025-08-20 02:08:04",1755655684183,"startup-sejong.vercel.app/api/push/send","POST","",-1,"b8q7n-1755655681923-13df67ff3466","Mozilla/5.0 (Macintosh; Intel Mac OS X 10_15_7) AppleWebKit/537.36 (KHTML, like Gecko) Chrome/139.0.0.0 Safari/537.36","info","production","main","","lambda","/api/push/send","startup-sejong.vercel.app","startup-sejong.vercel.app","dpl_3kP53xShgiZMJ4quKCiAgLbAMGa2",-1,"iad1",-1,-1,"üì§ Sending to subscription d211d4bc-b7eb-402a-b482-d9d06c34f028...","prj_kbaMDrtIHMlzHkohEptrO2d6DwUk","","","01K32KQE9VH75CN5QGAR60MR33","",-1
"2025-08-20 02:08:04",1755655684180,"startup-sejong.vercel.app/api/push/send","POST","",-1,"b8q7n-1755655681923-13df67ff3466","Mozilla/5.0 (Macintosh; Intel Mac OS X 10_15_7) AppleWebKit/537.36 (KHTML, like Gecko) Chrome/139.0.0.0 Safari/537.36","info","production","main","","lambda","/api/push/send","startup-sejong.vercel.app","startup-sejong.vercel.app","dpl_3kP53xShgiZMJ4quKCiAgLbAMGa2",-1,"iad1",-1,-1,"Endpoint: https://fcm.googleapis.com/fcm/send/cK8kyOagyMk:APA91bFqLdYm...","prj_kbaMDrtIHMlzHkohEptrO2d6DwUk","","","01K32KQE9VH75CN5QGAR60MR33","",-1
"2025-08-20 02:08:04",1755655684180,"startup-sejong.vercel.app/api/push/send","POST","",-1,"b8q7n-1755655681923-13df67ff3466","Mozilla/5.0 (Macintosh; Intel Mac OS X 10_15_7) AppleWebKit/537.36 (KHTML, like Gecko) Chrome/139.0.0.0 Safari/537.36","info","production","main","","lambda","/api/push/send","startup-sejong.vercel.app","startup-sejong.vercel.app","dpl_3kP53xShgiZMJ4quKCiAgLbAMGa2",-1,"iad1",-1,-1,"üì§ Sending to subscription 05a47eab-455b-44a6-961a-e73a563659a0...","prj_kbaMDrtIHMlzHkohEptrO2d6DwUk","","","01K32KQE9VH75CN5QGAR60MR33","",-1
"2025-08-20 02:08:04",1755655684169,"startup-sejong.vercel.app/api/push/send","POST","",-1,"b8q7n-1755655681923-13df67ff3466","Mozilla/5.0 (Macintosh; Intel Mac OS X 10_15_7) AppleWebKit/537.36 (KHTML, like Gecko) Chrome/139.0.0.0 Safari/537.36","info","production","main","","lambda","/api/push/send","startup-sejong.vercel.app","startup-sejong.vercel.app","dpl_3kP53xShgiZMJ4quKCiAgLbAMGa2",-1,"iad1",-1,-1,"Endpoint: https://fcm.googleapis.com/fcm/send/dDqMlGa6DaA:APA91bHm14Ec...","prj_kbaMDrtIHMlzHkohEptrO2d6DwUk","","","01K32KQE9VH75CN5QGAR60MR33","",-1
"2025-08-20 02:08:04",1755655684169,"startup-sejong.vercel.app/api/push/send","POST","",-1,"b8q7n-1755655681923-13df67ff3466","Mozilla/5.0 (Macintosh; Intel Mac OS X 10_15_7) AppleWebKit/537.36 (KHTML, like Gecko) Chrome/139.0.0.0 Safari/537.36","info","production","main","","lambda","/api/push/send","startup-sejong.vercel.app","startup-sejong.vercel.app","dpl_3kP53xShgiZMJ4quKCiAgLbAMGa2",-1,"iad1",-1,-1,"üì§ Sending to subscription 28d00ce4-accd-4d7e-87b4-a438a454a66a...","prj_kbaMDrtIHMlzHkohEptrO2d6DwUk","","","01K32KQE9VH75CN5QGAR60MR33","",-1
"2025-08-20 02:08:03",1755655683413,"startup-sejong.vercel.app/api/push/send","POST","",-1,"b8q7n-1755655681923-13df67ff3466","Mozilla/5.0 (Macintosh; Intel Mac OS X 10_15_7) AppleWebKit/537.36 (KHTML, like Gecko) Chrome/139.0.0.0 Safari/537.36","info","production","main","","lambda","/api/push/send","startup-sejong.vercel.app","startup-sejong.vercel.app","dpl_3kP53xShgiZMJ4quKCiAgLbAMGa2",-1,"iad1",-1,-1,"Active subscriptions found: 3","prj_kbaMDrtIHMlzHkohEptrO2d6DwUk","","","01K32KQE9VH75CN5QGAR60MR33","",-1
"2025-08-20 02:08:02",1755655682575,"startup-sejong.vercel.app/api/push/send","POST","",-1,"b8q7n-1755655681923-13df67ff3466","Mozilla/5.0 (Macintosh; Intel Mac OS X 10_15_7) AppleWebKit/537.36 (KHTML, like Gecko) Chrome/139.0.0.0 Safari/537.36","info","production","main","","lambda","/api/push/send","startup-sejong.vercel.app","startup-sejong.vercel.app","dpl_3kP53xShgiZMJ4quKCiAgLbAMGa2",-1,"iad1",-1,-1,"üîë Service Role Key: SET","prj_kbaMDrtIHMlzHkohEptrO2d6DwUk","","","01K32KQE9VH75CN5QGAR60MR33","",-1
"2025-08-20 02:08:02",1755655682575,"startup-sejong.vercel.app/api/push/send","POST","",-1,"b8q7n-1755655681923-13df67ff3466","Mozilla/5.0 (Macintosh; Intel Mac OS X 10_15_7) AppleWebKit/537.36 (KHTML, like Gecko) Chrome/139.0.0.0 Safari/537.36","info","production","main","","lambda","/api/push/send","startup-sejong.vercel.app","startup-sejong.vercel.app","dpl_3kP53xShgiZMJ4quKCiAgLbAMGa2",-1,"iad1",-1,-1,"üåç Environment: production","prj_kbaMDrtIHMlzHkohEptrO2d6DwUk","","","01K32KQE9VH75CN5QGAR60MR33","",-1
"2025-08-20 02:08:02",1755655682575,"startup-sejong.vercel.app/api/push/send","POST","",-1,"b8q7n-1755655681923-13df67ff3466","Mozilla/5.0 (Macintosh; Intel Mac OS X 10_15_7) AppleWebKit/537.36 (KHTML, like Gecko) Chrome/139.0.0.0 Safari/537.36","info","production","main","","lambda","/api/push/send","startup-sejong.vercel.app","startup-sejong.vercel.app","dpl_3kP53xShgiZMJ4quKCiAgLbAMGa2",-1,"iad1",-1,-1,"üìù Content: {
  title: 'test!!!',
  body: 'ÌÖåÏä§Ìä∏ Ï†úÎ∞ú !',
  url: '/',
  adminEmail: 'admin@sejong.ac.kr'
}","prj_kbaMDrtIHMlzHkohEptrO2d6DwUk","","","01K32KQE9VH75CN5QGAR60MR33","",-1
"2025-08-20 02:08:02",1755655682574,"startup-sejong.vercel.app/api/push/send","POST","",-1,"b8q7n-1755655681923-13df67ff3466","Mozilla/5.0 (Macintosh; Intel Mac OS X 10_15_7) AppleWebKit/537.36 (KHTML, like Gecko) Chrome/139.0.0.0 Safari/537.36","info","production","main","","lambda","/api/push/send","startup-sejong.vercel.app","startup-sejong.vercel.app","dpl_3kP53xShgiZMJ4quKCiAgLbAMGa2",-1,"iad1",-1,-1,"üîî ===========================================","prj_kbaMDrtIHMlzHkohEptrO2d6DwUk","","","01K32KQE9VH75CN5QGAR60MR33","",-1
"2025-08-20 02:08:02",1755655682574,"startup-sejong.vercel.app/api/push/send","POST","",-1,"b8q7n-1755655681923-13df67ff3466","Mozilla/5.0 (Macintosh; Intel Mac OS X 10_15_7) AppleWebKit/537.36 (KHTML, like Gecko) Chrome/139.0.0.0 Safari/537.36","info","production","main","","lambda","/api/push/send","startup-sejong.vercel.app","startup-sejong.vercel.app","dpl_3kP53xShgiZMJ4quKCiAgLbAMGa2",-1,"iad1",-1,-1,"üîî Push Notification Request","prj_kbaMDrtIHMlzHkohEptrO2d6DwUk","","","01K32KQE9VH75CN5QGAR60MR33","",-1
"2025-08-20 02:08:02",1755655682574,"startup-sejong.vercel.app/api/push/send","POST","",-1,"b8q7n-1755655681923-13df67ff3466","Mozilla/5.0 (Macintosh; Intel Mac OS X 10_15_7) AppleWebKit/537.36 (KHTML, like Gecko) Chrome/139.0.0.0 Safari/537.36","info","production","main","","lambda","/api/push/send","startup-sejong.vercel.app","startup-sejong.vercel.app","dpl_3kP53xShgiZMJ4quKCiAgLbAMGa2",-1,"iad1",-1,-1,"üîî ===========================================","prj_kbaMDrtIHMlzHkohEptrO2d6DwUk","","","01K32KQE9VH75CN5QGAR60MR33","",-1
"2025-08-20 02:08:02",1755655682574,"startup-sejong.vercel.app/api/push/send","POST","",-1,"b8q7n-1755655681923-13df67ff3466","Mozilla/5.0 (Macintosh; Intel Mac OS X 10_15_7) AppleWebKit/537.36 (KHTML, like Gecko) Chrome/139.0.0.0 Safari/537.36","info","production","main","","lambda","/api/push/send","startup-sejong.vercel.app","startup-sejong.vercel.app","dpl_3kP53xShgiZMJ4quKCiAgLbAMGa2",-1,"iad1",-1,-1,"Email: mailto:unvisr@gmail.com","prj_kbaMDrtIHMlzHkohEptrO2d6DwUk","","","01K32KQE9VH75CN5QGAR60MR33","",-1
"2025-08-20 02:08:02",1755655682574,"startup-sejong.vercel.app/api/push/send","POST","",-1,"b8q7n-1755655681923-13df67ff3466","Mozilla/5.0 (Macintosh; Intel Mac OS X 10_15_7) AppleWebKit/537.36 (KHTML, like Gecko) Chrome/139.0.0.0 Safari/537.36","info","production","main","","lambda","/api/push/send","startup-sejong.vercel.app","startup-sejong.vercel.app","dpl_3kP53xShgiZMJ4quKCiAgLbAMGa2",-1,"iad1",-1,-1,"Private Key: WKYqEu_91R... (43 chars)","prj_kbaMDrtIHMlzHkohEptrO2d6DwUk","","","01K32KQE9VH75CN5QGAR60MR33","",-1
"2025-08-20 02:08:02",1755655682574,"startup-sejong.vercel.app/api/push/send","POST","",-1,"b8q7n-1755655681923-13df67ff3466","Mozilla/5.0 (Macintosh; Intel Mac OS X 10_15_7) AppleWebKit/537.36 (KHTML, like Gecko) Chrome/139.0.0.0 Safari/537.36","info","production","main","","lambda","/api/push/send","startup-sejong.vercel.app","startup-sejong.vercel.app","dpl_3kP53xShgiZMJ4quKCiAgLbAMGa2",-1,"iad1",-1,-1,"Public Key: BK2b5isMYthQDclh-57C...","prj_kbaMDrtIHMlzHkohEptrO2d6DwUk","","","01K32KQE9VH75CN5QGAR60MR33","",-1
"2025-08-20 02:08:02",1755655682574,"startup-sejong.vercel.app/api/push/send","POST","",-1,"b8q7n-1755655681923-13df67ff3466","Mozilla/5.0 (Macintosh; Intel Mac OS X 10_15_7) AppleWebKit/537.36 (KHTML, like Gecko) Chrome/139.0.0.0 Safari/537.36","info","production","main","","lambda","/api/push/send","startup-sejong.vercel.app","startup-sejong.vercel.app","dpl_3kP53xShgiZMJ4quKCiAgLbAMGa2",-1,"iad1",-1,-1,"üîç VAPID Config Check:","prj_kbaMDrtIHMlzHkohEptrO2d6DwUk","","","01K32KQE9VH75CN5QGAR60MR33","",-1
"2025-08-20 02:08:02",1755655682544,"startup-sejong.vercel.app/api/push/send","POST","",-1,"b8q7n-1755655681923-13df67ff3466","Mozilla/5.0 (Macintosh; Intel Mac OS X 10_15_7) AppleWebKit/537.36 (KHTML, like Gecko) Chrome/139.0.0.0 Safari/537.36","info","production","main","","lambda","/api/push/send","startup-sejong.vercel.app","startup-sejong.vercel.app","dpl_3kP53xShgiZMJ4quKCiAgLbAMGa2",-1,"iad1",-1,-1,"Email: mailto:unvisr@gmail.com","prj_kbaMDrtIHMlzHkohEptrO2d6DwUk","","","01K32KQE9VH75CN5QGAR60MR33","",-1
"2025-08-20 02:08:02",1755655682544,"startup-sejong.vercel.app/api/push/send","POST","",-1,"b8q7n-1755655681923-13df67ff3466","Mozilla/5.0 (Macintosh; Intel Mac OS X 10_15_7) AppleWebKit/537.36 (KHTML, like Gecko) Chrome/139.0.0.0 Safari/537.36","info","production","main","","lambda","/api/push/send","startup-sejong.vercel.app","startup-sejong.vercel.app","dpl_3kP53xShgiZMJ4quKCiAgLbAMGa2",-1,"iad1",-1,-1,"‚úÖ VAPID configuration successful","prj_kbaMDrtIHMlzHkohEptrO2d6DwUk","","","01K32KQE9VH75CN5QGAR60MR33","",-1
"2025-08-20 02:08:02",1755655682543,"startup-sejong.vercel.app/api/push/send","POST","",-1,"b8q7n-1755655681923-13df67ff3466","Mozilla/5.0 (Macintosh; Intel Mac OS X 10_15_7) AppleWebKit/537.36 (KHTML, like Gecko) Chrome/139.0.0.0 Safari/537.36","info","production","main","","lambda","/api/push/send","startup-sejong.vercel.app","startup-sejong.vercel.app","dpl_3kP53xShgiZMJ4quKCiAgLbAMGa2",-1,"iad1",-1,-1,"Email: mailto:unvisr@gmail.com","prj_kbaMDrtIHMlzHkohEptrO2d6DwUk","","","01K32KQE9VH75CN5QGAR60MR33","",-1
"2025-08-20 02:08:02",1755655682543,"startup-sejong.vercel.app/api/push/send","POST","",-1,"b8q7n-1755655681923-13df67ff3466","Mozilla/5.0 (Macintosh; Intel Mac OS X 10_15_7) AppleWebKit/537.36 (KHTML, like Gecko) Chrome/139.0.0.0 Safari/537.36","info","production","main","","lambda","/api/push/send","startup-sejong.vercel.app","startup-sejong.vercel.app","dpl_3kP53xShgiZMJ4quKCiAgLbAMGa2",-1,"iad1",-1,-1,"Private Key: WKYqEu_91R... (43 chars)","prj_kbaMDrtIHMlzHkohEptrO2d6DwUk","","","01K32KQE9VH75CN5QGAR60MR33","",-1
"2025-08-20 02:08:02",1755655682543,"startup-sejong.vercel.app/api/push/send","POST","",-1,"b8q7n-1755655681923-13df67ff3466","Mozilla/5.0 (Macintosh; Intel Mac OS X 10_15_7) AppleWebKit/537.36 (KHTML, like Gecko) Chrome/139.0.0.0 Safari/537.36","info","production","main","","lambda","/api/push/send","startup-sejong.vercel.app","startup-sejong.vercel.app","dpl_3kP53xShgiZMJ4quKCiAgLbAMGa2",-1,"iad1",-1,-1,"Public Key: BK2b5isMYthQDclh-57C...","prj_kbaMDrtIHMlzHkohEptrO2d6DwUk","","","01K32KQE9VH75CN5QGAR60MR33","",-1
"2025-08-20 02:08:02",1755655682543,"startup-sejong.vercel.app/api/push/send","POST","",-1,"b8q7n-1755655681923-13df67ff3466","Mozilla/5.0 (Macintosh; Intel Mac OS X 10_15_7) AppleWebKit/537.36 (KHTML, like Gecko) Chrome/139.0.0.0 Safari/537.36","info","production","main","","lambda","/api/push/send","startup-sejong.vercel.app","startup-sejong.vercel.app","dpl_3kP53xShgiZMJ4quKCiAgLbAMGa2",-1,"iad1",-1,-1,"üîç VAPID Config Check:","prj_kbaMDrtIHMlzHkohEptrO2d6DwUk","","","01K32KQE9VH75CN5QGAR60MR33","",-1
"2025-08-20 02:08:02",1755655682363,"startup-sejong.vercel.app/api/push/send","POST","",200,"b8q7n-1755655681923-13df67ff3466","Mozilla/5.0 (Macintosh; Intel Mac OS X 10_15_7) AppleWebKit/537.36 (KHTML, like Gecko) Chrome/139.0.0.0 Safari/537.36","info","production","main","","lambda","/api/push/send","startup-sejong.vercel.app","startup-sejong.vercel.app","dpl_3kP53xShgiZMJ4quKCiAgLbAMGa2",3390,"iad1",139,2048,"","prj_kbaMDrtIHMlzHkohEptrO2d6DwUk","","","01K32KQE9VH75CN5QGAR60MR33","QAcgP163vdfs",1
"2025-08-20 01:55:07",1755654907781,"startup-sejong.vercel.app/api/push/send","POST","",-1,"6v6cm-1755654903546-852fa4f5a588","Mozilla/5.0 (Macintosh; Intel Mac OS X 10_15_7) AppleWebKit/537.36 (KHTML, like Gecko) Chrome/139.0.0.0 Safari/537.36","info","production","main","","lambda","/api/push/send","startup-sejong.vercel.app","startup-sejong.vercel.app","dpl_93hFPchjddXBXh5fxpmtgENkVu6G",-1,"iad1",-1,-1,"üìù Total: 7","prj_kbaMDrtIHMlzHkohEptrO2d6DwUk","","","01K32JZP8P6WQW4JAKD9QCK37X","",-1
"2025-08-20 01:55:07",1755654907781,"startup-sejong.vercel.app/api/push/send","POST","",-1,"6v6cm-1755654903546-852fa4f5a588","Mozilla/5.0 (Macintosh; Intel Mac OS X 10_15_7) AppleWebKit/537.36 (KHTML, like Gecko) Chrome/139.0.0.0 Safari/537.36","info","production","main","","lambda","/api/push/send","startup-sejong.vercel.app","startup-sejong.vercel.app","dpl_93hFPchjddXBXh5fxpmtgENkVu6G",-1,"iad1",-1,-1,"‚ùå Failed: 7","prj_kbaMDrtIHMlzHkohEptrO2d6DwUk","","","01K32JZP8P6WQW4JAKD9QCK37X","",-1
"2025-08-20 01:55:07",1755654907781,"startup-sejong.vercel.app/api/push/send","POST","",-1,"6v6cm-1755654903546-852fa4f5a588","Mozilla/5.0 (Macintosh; Intel Mac OS X 10_15_7) AppleWebKit/537.36 (KHTML, like Gecko) Chrome/139.0.0.0 Safari/537.36","info","production","main","","lambda","/api/push/send","startup-sejong.vercel.app","startup-sejong.vercel.app","dpl_93hFPchjddXBXh5fxpmtgENkVu6G",-1,"iad1",-1,-1,"‚úÖ Success: 0","prj_kbaMDrtIHMlzHkohEptrO2d6DwUk","","","01K32JZP8P6WQW4JAKD9QCK37X","",-1
"2025-08-20 01:55:07",1755654907781,"startup-sejong.vercel.app/api/push/send","POST","",-1,"6v6cm-1755654903546-852fa4f5a588","Mozilla/5.0 (Macintosh; Intel Mac OS X 10_15_7) AppleWebKit/537.36 (KHTML, like Gecko) Chrome/139.0.0.0 Safari/537.36","info","production","main","","lambda","/api/push/send","startup-sejong.vercel.app","startup-sejong.vercel.app","dpl_93hFPchjddXBXh5fxpmtgENkVu6G",-1,"iad1",-1,-1,"üìä Push notification results:","prj_kbaMDrtIHMlzHkohEptrO2d6DwUk","","","01K32JZP8P6WQW4JAKD9QCK37X","",-1
"2025-08-20 01:55:07",1755654907112,"startup-sejong.vercel.app/api/push/send","POST","",-1,"6v6cm-1755654903546-852fa4f5a588","Mozilla/5.0 (Macintosh; Intel Mac OS X 10_15_7) AppleWebKit/537.36 (KHTML, like Gecko) Chrome/139.0.0.0 Safari/537.36","info","production","main","","lambda","/api/push/send","startup-sejong.vercel.app","startup-sejong.vercel.app","dpl_93hFPchjddXBXh5fxpmtgENkVu6G",-1,"iad1",-1,-1,"Marking subscription 0e96212a-9984-4d30-891e-625bf8c132c1 as inactive (410)","prj_kbaMDrtIHMlzHkohEptrO2d6DwUk","","","01K32JZP8P6WQW4JAKD9QCK37X","",-1
"2025-08-20 01:55:06",1755654906948,"startup-sejong.vercel.app/api/push/send","POST","",-1,"6v6cm-1755654903546-852fa4f5a588","Mozilla/5.0 (Macintosh; Intel Mac OS X 10_15_7) AppleWebKit/537.36 (KHTML, like Gecko) Chrome/139.0.0.0 Safari/537.36","info","production","main","","lambda","/api/push/send","startup-sejong.vercel.app","startup-sejong.vercel.app","dpl_93hFPchjddXBXh5fxpmtgENkVu6G",-1,"iad1",-1,-1,"Marking subscription 49a6a838-6395-4bb5-abe8-0c3769d24563 as inactive (410)","prj_kbaMDrtIHMlzHkohEptrO2d6DwUk","","","01K32JZP8P6WQW4JAKD9QCK37X","",-1
"2025-08-20 01:55:06",1755654906920,"startup-sejong.vercel.app/api/push/send","POST","",-1,"6v6cm-1755654903546-852fa4f5a588","Mozilla/5.0 (Macintosh; Intel Mac OS X 10_15_7) AppleWebKit/537.36 (KHTML, like Gecko) Chrome/139.0.0.0 Safari/537.36","info","production","main","","lambda","/api/push/send","startup-sejong.vercel.app","startup-sejong.vercel.app","dpl_93hFPchjddXBXh5fxpmtgENkVu6G",-1,"iad1",-1,-1,"Marking subscription 47b53fb8-6b27-461f-a3cd-e61a837050d0 as inactive (410)","prj_kbaMDrtIHMlzHkohEptrO2d6DwUk","","","01K32JZP8P6WQW4JAKD9QCK37X","",-1
"2025-08-20 01:55:06",1755654906916,"startup-sejong.vercel.app/api/push/send","POST","",-1,"6v6cm-1755654903546-852fa4f5a588","Mozilla/5.0 (Macintosh; Intel Mac OS X 10_15_7) AppleWebKit/537.36 (KHTML, like Gecko) Chrome/139.0.0.0 Safari/537.36","info","production","main","","lambda","/api/push/send","startup-sejong.vercel.app","startup-sejong.vercel.app","dpl_93hFPchjddXBXh5fxpmtgENkVu6G",-1,"iad1",-1,-1,"Marking subscription 8b75d59e-5119-42da-a23c-c6e188e7ed39 as inactive (410)","prj_kbaMDrtIHMlzHkohEptrO2d6DwUk","","","01K32JZP8P6WQW4JAKD9QCK37X","",-1
"2025-08-20 01:55:06",1755654906197,"startup-sejong.vercel.app/api/push/send","POST","",-1,"6v6cm-1755654903546-852fa4f5a588","Mozilla/5.0 (Macintosh; Intel Mac OS X 10_15_7) AppleWebKit/537.36 (KHTML, like Gecko) Chrome/139.0.0.0 Safari/537.36","error","production","main","","lambda","/api/push/send","startup-sejong.vercel.app","startup-sejong.vercel.app","dpl_93hFPchjddXBXh5fxpmtgENkVu6G",-1,"iad1",-1,-1,"Error details: {
  statusCode: 410,
  headers: {
    'content-security-policy-report-only': ""script-src 'none'; form-action 'none'; frame-src 'none'; report-uri https://csp.withgoogle.com/csp/goa-520bfc14_2"",
    'content-type': 'text/plain; charset=utf-8',
    'cross-origin-opener-policy': 'same-origin',
    vary: 'Sec-Fetch-Site, Sec-Fetch-Mode, Sec-Fetch-Dest',
    'x-content-type-options': 'nosniff',
    'x-frame-options': 'SAMEORIGIN',
    'x-xss-protection': '0',
    date: 'Wed, 20 Aug 2025 01:55:06 GMT',
    'content-length': '47',
    'alt-svc': 'h3="":443""; ma=2592000,h3-29="":443""; ma=2592000'
  },
  body: 'push subscription has unsubscribed or expired.\n',
  endpoint: 'https://fcm.googleapis.com/fcm/send/eHvNxCRAhug:AP...'
}","prj_kbaMDrtIHMlzHkohEptrO2d6DwUk","","","01K32JZP8P6WQW4JAKD9QCK37X","",-1
"2025-08-20 01:55:06",1755654906197,"startup-sejong.vercel.app/api/push/send","POST","",-1,"6v6cm-1755654903546-852fa4f5a588","Mozilla/5.0 (Macintosh; Intel Mac OS X 10_15_7) AppleWebKit/537.36 (KHTML, like Gecko) Chrome/139.0.0.0 Safari/537.36","error","production","main","","lambda","/api/push/send","startup-sejong.vercel.app","startup-sejong.vercel.app","dpl_93hFPchjddXBXh5fxpmtgENkVu6G",-1,"iad1",-1,-1,"‚ùå Failed to send to 49a6a838-6395-4bb5-abe8-0c3769d24563: Received unexpected response code","prj_kbaMDrtIHMlzHkohEptrO2d6DwUk","","","01K32JZP8P6WQW4JAKD9QCK37X","",-1
"2025-08-20 01:55:06",1755654906192,"startup-sejong.vercel.app/api/push/send","POST","",-1,"6v6cm-1755654903546-852fa4f5a588","Mozilla/5.0 (Macintosh; Intel Mac OS X 10_15_7) AppleWebKit/537.36 (KHTML, like Gecko) Chrome/139.0.0.0 Safari/537.36","error","production","main","","lambda","/api/push/send","startup-sejong.vercel.app","startup-sejong.vercel.app","dpl_93hFPchjddXBXh5fxpmtgENkVu6G",-1,"iad1",-1,-1,"Error details: {
  statusCode: 403,
  headers: {
    'content-security-policy-report-only': ""script-src 'none'; form-action 'none'; frame-src 'none'; report-uri https://csp.withgoogle.com/csp/goa-520bfc14_2"",
    'content-type': 'text/plain; charset=utf-8',
    'cross-origin-opener-policy': 'same-origin',
    vary: 'Sec-Fetch-Site, Sec-Fetch-Mode, Sec-Fetch-Dest',
    'x-content-type-options': 'nosniff',
    'x-frame-options': 'SAMEORIGIN',
    'x-xss-protection': '0',
    date: 'Wed, 20 Aug 2025 01:55:06 GMT',
    'content-length': '121',
    'alt-svc': 'h3="":443""; ma=2592000,h3-29="":443""; ma=2592000'
  },
  body: 'the VAPID credentials in the authorization header do not correspond to the credentials used to create the subscriptions.\n',
  endpoint: 'https://fcm.googleapis.com/fcm/send/euI0n2oW3DU:AP...'
}","prj_kbaMDrtIHMlzHkohEptrO2d6DwUk","","","01K32JZP8P6WQW4JAKD9QCK37X","",-1
"2025-08-20 01:55:06",1755654906192,"startup-sejong.vercel.app/api/push/send","POST","",-1,"6v6cm-1755654903546-852fa4f5a588","Mozilla/5.0 (Macintosh; Intel Mac OS X 10_15_7) AppleWebKit/537.36 (KHTML, like Gecko) Chrome/139.0.0.0 Safari/537.36","error","production","main","","lambda","/api/push/send","startup-sejong.vercel.app","startup-sejong.vercel.app","dpl_93hFPchjddXBXh5fxpmtgENkVu6G",-1,"iad1",-1,-1,"‚ùå Failed to send to d211d4bc-b7eb-402a-b482-d9d06c34f028: Received unexpected response code","prj_kbaMDrtIHMlzHkohEptrO2d6DwUk","","","01K32JZP8P6WQW4JAKD9QCK37X","",-1
"2025-08-20 01:55:06",1755654906189,"startup-sejong.vercel.app/api/push/send","POST","",-1,"6v6cm-1755654903546-852fa4f5a588","Mozilla/5.0 (Macintosh; Intel Mac OS X 10_15_7) AppleWebKit/537.36 (KHTML, like Gecko) Chrome/139.0.0.0 Safari/537.36","error","production","main","","lambda","/api/push/send","startup-sejong.vercel.app","startup-sejong.vercel.app","dpl_93hFPchjddXBXh5fxpmtgENkVu6G",-1,"iad1",-1,-1,"Error details: {
  statusCode: 410,
  headers: {
    'content-security-policy-report-only': ""script-src 'none'; form-action 'none'; frame-src 'none'; report-uri https://csp.withgoogle.com/csp/goa-520bfc14_2"",
    'content-type': 'text/plain; charset=utf-8',
    'cross-origin-opener-policy': 'same-origin',
    vary: 'Sec-Fetch-Site, Sec-Fetch-Mode, Sec-Fetch-Dest',
    'x-content-type-options': 'nosniff',
    'x-frame-options': 'SAMEORIGIN',
    'x-xss-protection': '0',
    date: 'Wed, 20 Aug 2025 01:55:06 GMT',
    'content-length': '47',
    'alt-svc': 'h3="":443""; ma=2592000,h3-29="":443""; ma=2592000'
  },
  body: 'push subscription has unsubscribed or expired.\n',
  endpoint: 'https://fcm.googleapis.com/fcm/send/dm5FvIqsl4M:AP...'
}","prj_kbaMDrtIHMlzHkohEptrO2d6DwUk","","","01K32JZP8P6WQW4JAKD9QCK37X","",-1
"2025-08-20 01:55:06",1755654906189,"startup-sejong.vercel.app/api/push/send","POST","",-1,"6v6cm-1755654903546-852fa4f5a588","Mozilla/5.0 (Macintosh; Intel Mac OS X 10_15_7) AppleWebKit/537.36 (KHTML, like Gecko) Chrome/139.0.0.0 Safari/537.36","error","production","main","","lambda","/api/push/send","startup-sejong.vercel.app","startup-sejong.vercel.app","dpl_93hFPchjddXBXh5fxpmtgENkVu6G",-1,"iad1",-1,-1,"‚ùå Failed to send to 0e96212a-9984-4d30-891e-625bf8c132c1: Received unexpected response code","prj_kbaMDrtIHMlzHkohEptrO2d6DwUk","","","01K32JZP8P6WQW4JAKD9QCK37X","",-1
"2025-08-20 01:55:06",1755654906185,"startup-sejong.vercel.app/api/push/send","POST","",-1,"6v6cm-1755654903546-852fa4f5a588","Mozilla/5.0 (Macintosh; Intel Mac OS X 10_15_7) AppleWebKit/537.36 (KHTML, like Gecko) Chrome/139.0.0.0 Safari/537.36","error","production","main","","lambda","/api/push/send","startup-sejong.vercel.app","startup-sejong.vercel.app","dpl_93hFPchjddXBXh5fxpmtgENkVu6G",-1,"iad1",-1,-1,"Error details: {
  statusCode: 410,
  headers: {
    'content-security-policy-report-only': ""script-src 'none'; form-action 'none'; frame-src 'none'; report-uri https://csp.withgoogle.com/csp/goa-520bfc14_2"",
    'content-type': 'text/plain; charset=utf-8',
    'cross-origin-opener-policy': 'same-origin',
    vary: 'Sec-Fetch-Site, Sec-Fetch-Mode, Sec-Fetch-Dest',
    'x-content-type-options': 'nosniff',
    'x-frame-options': 'SAMEORIGIN',
    'x-xss-protection': '0',
    date: 'Wed, 20 Aug 2025 01:55:06 GMT',
    'content-length': '47',
    'alt-svc': 'h3="":443""; ma=2592000,h3-29="":443""; ma=2592000'
  },
  body: 'push subscription has unsubscribed or expired.\n',
  endpoint: 'https://fcm.googleapis.com/fcm/send/cM7qOPYhe8U:AP...'
}","prj_kbaMDrtIHMlzHkohEptrO2d6DwUk","","","01K32JZP8P6WQW4JAKD9QCK37X","",-1
"2025-08-20 01:55:06",1755654906185,"startup-sejong.vercel.app/api/push/send","POST","",-1,"6v6cm-1755654903546-852fa4f5a588","Mozilla/5.0 (Macintosh; Intel Mac OS X 10_15_7) AppleWebKit/537.36 (KHTML, like Gecko) Chrome/139.0.0.0 Safari/537.36","error","production","main","","lambda","/api/push/send","startup-sejong.vercel.app","startup-sejong.vercel.app","dpl_93hFPchjddXBXh5fxpmtgENkVu6G",-1,"iad1",-1,-1,"‚ùå Failed to send to 47b53fb8-6b27-461f-a3cd-e61a837050d0: Received unexpected response code","prj_kbaMDrtIHMlzHkohEptrO2d6DwUk","","","01K32JZP8P6WQW4JAKD9QCK37X","",-1
"2025-08-20 01:55:06",1755654906183,"startup-sejong.vercel.app/api/push/send","POST","",-1,"6v6cm-1755654903546-852fa4f5a588","Mozilla/5.0 (Macintosh; Intel Mac OS X 10_15_7) AppleWebKit/537.36 (KHTML, like Gecko) Chrome/139.0.0.0 Safari/537.36","error","production","main","","lambda","/api/push/send","startup-sejong.vercel.app","startup-sejong.vercel.app","dpl_93hFPchjddXBXh5fxpmtgENkVu6G",-1,"iad1",-1,-1,"Error details: {
  statusCode: 403,
  headers: {
    'content-security-policy-report-only': ""script-src 'none'; form-action 'none'; frame-src 'none'; report-uri https://csp.withgoogle.com/csp/goa-520bfc14_2"",
    'content-type': 'text/plain; charset=utf-8',
    'cross-origin-opener-policy': 'same-origin',
    vary: 'Sec-Fetch-Site, Sec-Fetch-Mode, Sec-Fetch-Dest',
    'x-content-type-options': 'nosniff',
    'x-frame-options': 'SAMEORIGIN',
    'x-xss-protection': '0',
    date: 'Wed, 20 Aug 2025 01:55:06 GMT',
    'content-length': '121',
    'alt-svc': 'h3="":443""; ma=2592000,h3-29="":443""; ma=2592000'
  },
  body: 'the VAPID credentials in the authorization header do not correspond to the credentials used to create the subscriptions.\n',
  endpoint: 'https://fcm.googleapis.com/fcm/send/cK8kyOagyMk:AP...'
}","prj_kbaMDrtIHMlzHkohEptrO2d6DwUk","","","01K32JZP8P6WQW4JAKD9QCK37X","",-1
"2025-08-20 01:55:06",1755654906182,"startup-sejong.vercel.app/api/push/send","POST","",-1,"6v6cm-1755654903546-852fa4f5a588","Mozilla/5.0 (Macintosh; Intel Mac OS X 10_15_7) AppleWebKit/537.36 (KHTML, like Gecko) Chrome/139.0.0.0 Safari/537.36","error","production","main","","lambda","/api/push/send","startup-sejong.vercel.app","startup-sejong.vercel.app","dpl_93hFPchjddXBXh5fxpmtgENkVu6G",-1,"iad1",-1,-1,"‚ùå Failed to send to 05a47eab-455b-44a6-961a-e73a563659a0: Received unexpected response code","prj_kbaMDrtIHMlzHkohEptrO2d6DwUk","","","01K32JZP8P6WQW4JAKD9QCK37X","",-1
"2025-08-20 01:55:06",1755654906178,"startup-sejong.vercel.app/api/push/send","POST","",-1,"6v6cm-1755654903546-852fa4f5a588","Mozilla/5.0 (Macintosh; Intel Mac OS X 10_15_7) AppleWebKit/537.36 (KHTML, like Gecko) Chrome/139.0.0.0 Safari/537.36","error","production","main","","lambda","/api/push/send","startup-sejong.vercel.app","startup-sejong.vercel.app","dpl_93hFPchjddXBXh5fxpmtgENkVu6G",-1,"iad1",-1,-1,"Error details: {
  statusCode: 403,
  headers: {
    'content-security-policy-report-only': ""script-src 'none'; form-action 'none'; frame-src 'none'; report-uri https://csp.withgoogle.com/csp/goa-520bfc14_2"",
    'content-type': 'text/plain; charset=utf-8',
    'cross-origin-opener-policy': 'same-origin',
    vary: 'Sec-Fetch-Site, Sec-Fetch-Mode, Sec-Fetch-Dest',
    'x-content-type-options': 'nosniff',
    'x-frame-options': 'SAMEORIGIN',
    'x-xss-protection': '0',
    date: 'Wed, 20 Aug 2025 01:55:06 GMT',
    'content-length': '121',
    'alt-svc': 'h3="":443""; ma=2592000,h3-29="":443""; ma=2592000'
  },
  body: 'the VAPID credentials in the authorization header do not correspond to the credentials used to create the subscriptions.\n',
  endpoint: 'https://fcm.googleapis.com/fcm/send/dDqMlGa6DaA:AP...'
}","prj_kbaMDrtIHMlzHkohEptrO2d6DwUk","","","01K32JZP8P6WQW4JAKD9QCK37X","",-1
"2025-08-20 01:55:06",1755654906178,"startup-sejong.vercel.app/api/push/send","POST","",-1,"6v6cm-1755654903546-852fa4f5a588","Mozilla/5.0 (Macintosh; Intel Mac OS X 10_15_7) AppleWebKit/537.36 (KHTML, like Gecko) Chrome/139.0.0.0 Safari/537.36","error","production","main","","lambda","/api/push/send","startup-sejong.vercel.app","startup-sejong.vercel.app","dpl_93hFPchjddXBXh5fxpmtgENkVu6G",-1,"iad1",-1,-1,"‚ùå Failed to send to 28d00ce4-accd-4d7e-87b4-a438a454a66a: Received unexpected response code","prj_kbaMDrtIHMlzHkohEptrO2d6DwUk","","","01K32JZP8P6WQW4JAKD9QCK37X","",-1
"2025-08-20 01:55:06",1755654906173,"startup-sejong.vercel.app/api/push/send","POST","",-1,"6v6cm-1755654903546-852fa4f5a588","Mozilla/5.0 (Macintosh; Intel Mac OS X 10_15_7) AppleWebKit/537.36 (KHTML, like Gecko) Chrome/139.0.0.0 Safari/537.36","error","production","main","","lambda","/api/push/send","startup-sejong.vercel.app","startup-sejong.vercel.app","dpl_93hFPchjddXBXh5fxpmtgENkVu6G",-1,"iad1",-1,-1,"Error details: {
  statusCode: 410,
  headers: {
    'content-security-policy-report-only': ""script-src 'none'; form-action 'none'; frame-src 'none'; report-uri https://csp.withgoogle.com/csp/goa-520bfc14_2"",
    'content-type': 'text/plain; charset=utf-8',
    'cross-origin-opener-policy': 'same-origin',
    vary: 'Sec-Fetch-Site, Sec-Fetch-Mode, Sec-Fetch-Dest',
    'x-content-type-options': 'nosniff',
    'x-frame-options': 'SAMEORIGIN',
    'x-xss-protection': '0',
    date: 'Wed, 20 Aug 2025 01:55:06 GMT',
    'content-length': '47',
    'alt-svc': 'h3="":443""; ma=2592000,h3-29="":443""; ma=2592000'
  },
  body: 'push subscription has unsubscribed or expired.\n',
  endpoint: 'https://fcm.googleapis.com/fcm/send/db-0oPWbAt0:AP...'
}","prj_kbaMDrtIHMlzHkohEptrO2d6DwUk","","","01K32JZP8P6WQW4JAKD9QCK37X","",-1
"2025-08-20 01:55:06",1755654906172,"startup-sejong.vercel.app/api/push/send","POST","",-1,"6v6cm-1755654903546-852fa4f5a588","Mozilla/5.0 (Macintosh; Intel Mac OS X 10_15_7) AppleWebKit/537.36 (KHTML, like Gecko) Chrome/139.0.0.0 Safari/537.36","error","production","main","","lambda","/api/push/send","startup-sejong.vercel.app","startup-sejong.vercel.app","dpl_93hFPchjddXBXh5fxpmtgENkVu6G",-1,"iad1",-1,-1,"‚ùå Failed to send to 8b75d59e-5119-42da-a23c-c6e188e7ed39: Received unexpected response code","prj_kbaMDrtIHMlzHkohEptrO2d6DwUk","","","01K32JZP8P6WQW4JAKD9QCK37X","",-1
"2025-08-20 01:55:06",1755654906101,"startup-sejong.vercel.app/api/push/send","POST","",-1,"6v6cm-1755654903546-852fa4f5a588","Mozilla/5.0 (Macintosh; Intel Mac OS X 10_15_7) AppleWebKit/537.36 (KHTML, like Gecko) Chrome/139.0.0.0 Safari/537.36","info","production","main","","lambda","/api/push/send","startup-sejong.vercel.app","startup-sejong.vercel.app","dpl_93hFPchjddXBXh5fxpmtgENkVu6G",-1,"iad1",-1,-1,"Sending to subscription d211d4bc-b7eb-402a-b482-d9d06c34f028...","prj_kbaMDrtIHMlzHkohEptrO2d6DwUk","","","01K32JZP8P6WQW4JAKD9QCK37X","",-1
"2025-08-20 01:55:06",1755654906098,"startup-sejong.vercel.app/api/push/send","POST","",-1,"6v6cm-1755654903546-852fa4f5a588","Mozilla/5.0 (Macintosh; Intel Mac OS X 10_15_7) AppleWebKit/537.36 (KHTML, like Gecko) Chrome/139.0.0.0 Safari/537.36","info","production","main","","lambda","/api/push/send","startup-sejong.vercel.app","startup-sejong.vercel.app","dpl_93hFPchjddXBXh5fxpmtgENkVu6G",-1,"iad1",-1,-1,"Sending to subscription 05a47eab-455b-44a6-961a-e73a563659a0...","prj_kbaMDrtIHMlzHkohEptrO2d6DwUk","","","01K32JZP8P6WQW4JAKD9QCK37X","",-1
"2025-08-20 01:55:06",1755654906096,"startup-sejong.vercel.app/api/push/send","POST","",-1,"6v6cm-1755654903546-852fa4f5a588","Mozilla/5.0 (Macintosh; Intel Mac OS X 10_15_7) AppleWebKit/537.36 (KHTML, like Gecko) Chrome/139.0.0.0 Safari/537.36","info","production","main","","lambda","/api/push/send","startup-sejong.vercel.app","startup-sejong.vercel.app","dpl_93hFPchjddXBXh5fxpmtgENkVu6G",-1,"iad1",-1,-1,"Sending to subscription 28d00ce4-accd-4d7e-87b4-a438a454a66a...","prj_kbaMDrtIHMlzHkohEptrO2d6DwUk","","","01K32JZP8P6WQW4JAKD9QCK37X","",-1
"2025-08-20 01:55:06",1755654906095,"startup-sejong.vercel.app/api/push/send","POST","",-1,"6v6cm-1755654903546-852fa4f5a588","Mozilla/5.0 (Macintosh; Intel Mac OS X 10_15_7) AppleWebKit/537.36 (KHTML, like Gecko) Chrome/139.0.0.0 Safari/537.36","info","production","main","","lambda","/api/push/send","startup-sejong.vercel.app","startup-sejong.vercel.app","dpl_93hFPchjddXBXh5fxpmtgENkVu6G",-1,"iad1",-1,-1,"Sending to subscription 8b75d59e-5119-42da-a23c-c6e188e7ed39...","prj_kbaMDrtIHMlzHkohEptrO2d6DwUk","","","01K32JZP8P6WQW4JAKD9QCK37X","",-1
"2025-08-20 01:55:06",1755654906091,"startup-sejong.vercel.app/api/push/send","POST","",-1,"6v6cm-1755654903546-852fa4f5a588","Mozilla/5.0 (Macintosh; Intel Mac OS X 10_15_7) AppleWebKit/537.36 (KHTML, like Gecko) Chrome/139.0.0.0 Safari/537.36","info","production","main","","lambda","/api/push/send","startup-sejong.vercel.app","startup-sejong.vercel.app","dpl_93hFPchjddXBXh5fxpmtgENkVu6G",-1,"iad1",-1,-1,"Sending to subscription 49a6a838-6395-4bb5-abe8-0c3769d24563...","prj_kbaMDrtIHMlzHkohEptrO2d6DwUk","","","01K32JZP8P6WQW4JAKD9QCK37X","",-1
"2025-08-20 01:55:06",1755654906087,"startup-sejong.vercel.app/api/push/send","POST","",-1,"6v6cm-1755654903546-852fa4f5a588","Mozilla/5.0 (Macintosh; Intel Mac OS X 10_15_7) AppleWebKit/537.36 (KHTML, like Gecko) Chrome/139.0.0.0 Safari/537.36","info","production","main","","lambda","/api/push/send","startup-sejong.vercel.app","startup-sejong.vercel.app","dpl_93hFPchjddXBXh5fxpmtgENkVu6G",-1,"iad1",-1,-1,"Sending to subscription 0e96212a-9984-4d30-891e-625bf8c132c1...","prj_kbaMDrtIHMlzHkohEptrO2d6DwUk","","","01K32JZP8P6WQW4JAKD9QCK37X","",-1
"2025-08-20 01:55:06",1755654906076,"startup-sejong.vercel.app/api/push/send","POST","",-1,"6v6cm-1755654903546-852fa4f5a588","Mozilla/5.0 (Macintosh; Intel Mac OS X 10_15_7) AppleWebKit/537.36 (KHTML, like Gecko) Chrome/139.0.0.0 Safari/537.36","info","production","main","","lambda","/api/push/send","startup-sejong.vercel.app","startup-sejong.vercel.app","dpl_93hFPchjddXBXh5fxpmtgENkVu6G",-1,"iad1",-1,-1,"Sending to subscription 47b53fb8-6b27-461f-a3cd-e61a837050d0...","prj_kbaMDrtIHMlzHkohEptrO2d6DwUk","","","01K32JZP8P6WQW4JAKD9QCK37X","",-1
"2025-08-20 01:55:05",1755654905238,"startup-sejong.vercel.app/api/push/send","POST","",-1,"6v6cm-1755654903546-852fa4f5a588","Mozilla/5.0 (Macintosh; Intel Mac OS X 10_15_7) AppleWebKit/537.36 (KHTML, like Gecko) Chrome/139.0.0.0 Safari/537.36","info","production","main","","lambda","/api/push/send","startup-sejong.vercel.app","startup-sejong.vercel.app","dpl_93hFPchjddXBXh5fxpmtgENkVu6G",-1,"iad1",-1,-1,"Active subscriptions found: 7","prj_kbaMDrtIHMlzHkohEptrO2d6DwUk","","","01K32JZP8P6WQW4JAKD9QCK37X","",-1
"2025-08-20 01:55:04",1755654904300,"startup-sejong.vercel.app/api/push/send","POST","",-1,"6v6cm-1755654903546-852fa4f5a588","Mozilla/5.0 (Macintosh; Intel Mac OS X 10_15_7) AppleWebKit/537.36 (KHTML, like Gecko) Chrome/139.0.0.0 Safari/537.36","info","production","main","","lambda","/api/push/send","startup-sejong.vercel.app","startup-sejong.vercel.app","dpl_93hFPchjddXBXh5fxpmtgENkVu6G",-1,"iad1",-1,-1,"Push notification request: {
  title: 'test !',
  body: 'ÌÖåÏä§Ìä∏ÏûÖÎãàÎã§',
  url: '/announcements',
  adminEmail: 'admin@sejong.ac.kr'
}","prj_kbaMDrtIHMlzHkohEptrO2d6DwUk","","","01K32JZP8P6WQW4JAKD9QCK37X","",-1
"2025-08-20 01:55:04",1755654904268,"startup-sejong.vercel.app/api/push/send","POST","",-1,"6v6cm-1755654903546-852fa4f5a588","Mozilla/5.0 (Macintosh; Intel Mac OS X 10_15_7) AppleWebKit/537.36 (KHTML, like Gecko) Chrome/139.0.0.0 Safari/537.36","info","production","main","","lambda","/api/push/send","startup-sejong.vercel.app","startup-sejong.vercel.app","dpl_93hFPchjddXBXh5fxpmtgENkVu6G",-1,"iad1",-1,-1,"VAPID configuration successful","prj_kbaMDrtIHMlzHkohEptrO2d6DwUk","","","01K32JZP8P6WQW4JAKD9QCK37X","",-1
"2025-08-20 01:55:04",1755654904086,"startup-sejong.vercel.app/api/push/send","POST","",200,"6v6cm-1755654903546-852fa4f5a588","Mozilla/5.0 (Macintosh; Intel Mac OS X 10_15_7) AppleWebKit/537.36 (KHTML, like Gecko) Chrome/139.0.0.0 Safari/537.36","info","production","main","","lambda","/api/push/send","startup-sejong.vercel.app","startup-sejong.vercel.app","dpl_93hFPchjddXBXh5fxpmtgENkVu6G",4424,"iad1",151,2048,"","prj_kbaMDrtIHMlzHkohEptrO2d6DwUk","","","01K32JZP8P6WQW4JAKD9QCK37X","cOMUm7CEcF2N",1
